ward_number,ward_name,worldcover_canopy_fraction,worldcover_built_fraction,cropland_fraction,worldcover_bare_or_other_fraction
1,NARELA,0.0466346008315105,0.4716619922451779,0.41704554073147054,0.0646578661918412
2,BANKNER,0.039531479779863835,0.1887801610784196,0.6695398307967267,0.10214852834498922
3,HOLAMBI KALAN,0.10699321865408522,0.35380987158961896,0.41941330716249003,0.1197836025938047
4,ALIPUR,0.07991215713563002,0.3426842814675616,0.5118622583030373,0.0655413030937712
5,BAKHTAWARPUR,0.05813136901953641,0.14358170295604056,0.7170581300896968,0.08122879793472748
6,BURARI,0.06744205449396089,0.270575047610313,0.5648804113188012,0.09710248657692415
7,KADIPUR,0.08102007234691552,0.380429057567953,0.4194570807702233,0.1190937893149079
8,MUKUNDPUR,0.17453708843172924,0.5010558423634236,0.11881827614964484,0.2055887930552025
9,SANT NAGAR,0.0333467762443849,0.7663567679819131,0.07536998793736642,0.12492646783633582
10,JHARODA,0.17928228398070356,0.3276186514902212,0.3813379570079432,0.11176110752113326
11,TIMARPUR,0.26981331673579584,0.6588649320445393,0.028776914809566262,0.04254483641009858
12,MALKA GANJ,0.4132422981327343,0.5564564376173405,0.0037863278670390126,0.026514936382886337
13,MUKHERJEE NAGAR,0.3265133584982777,0.6476774786012476,0.01050994016686416,0.015299222733610387
14,DHIRPUR,0.2863791633221156,0.39583541953841805,0.13201482228476175,0.1857705948547044
15,ADARSH NAGAR,0.033174125004552545,0.7523240427122302,0.034048209946878544,0.18045362233633896
16,AZADPUR,0.06659771461380852,0.9156177487981803,0.008030911762484537,0.009753624825524951
17,BHALSWA,0.03119520020488233,0.9447600280290389,0.00272109327480908,0.021323678491269385
18,JAHANGIR PURI,0.04330147762741136,0.6554220130683551,0.053666839787673386,0.2476096695165599
19,SARUP NAGAR,0.018141241848704973,0.8521624730547219,0.04516259573240976,0.08453368936416325
20,SAMAYPUR BADLI,0.07098276324047857,0.8380421995385892,0.0546833249389596,0.036291712281974274
21,ROHINI-A,0.16336250727900092,0.7209370230740401,0.06050137221532567,0.055199097431633815
22,ROHINI-B,0.3611788965182749,0.5599394645182494,0.04417229409133646,0.034709344872139884
23,RITHALA,0.15597558920794208,0.6387437852955999,0.11077878020581228,0.09450184529064594
24,VIJAY VIHAR,0.161072558534485,0.785486374136165,0.025567834278024698,0.027873233051325157
25,BUDH VIHAR,0.0055520407676874495,0.9800700694628007,9.208262736652355e-05,0.01428580714214525
26,POOTH KALAN,0.07517569448832508,0.74705747530647,0.09459710929037225,0.08316972091483436
27,BEGUMPUR,0.05068461791913705,0.5963715778133006,0.18066639885362654,0.17227740541393513
28,SHAHBAAD DAIRY,0.048502518029357865,0.6232563137026268,0.16785200623055993,0.1603891620374556
29,POOTH KHURD,0.07426531120192512,0.2733628547829263,0.5043015620543108,0.148070271960838
30,BAWANA,0.10109664381722032,0.45933777273090864,0.3752185176594979,0.0643470657923725
31,NANGAL THAKRAN,0.05490643954132437,0.08185218009333818,0.8414353189164943,0.021806061448842458
32,KANJHAWALA,0.05713835833655702,0.1251267286148756,0.7675378500106259,0.05019706303794088
33,RANI KHERA,0.039686237853988914,0.37151707795640937,0.5003468696524425,0.08844981453715803
34,NANGLOI,0.06437778909322252,0.47720450754919364,0.3745154631084315,0.08390224024915151
35,MUNDKA,0.08713949973138957,0.40906484325129566,0.42795958146184104,0.07583607555547327
36,NILOTHI,0.24699644562651743,0.6994895650738475,0.03177044723500175,0.021743542064634094
37,KIRARI,0.016945392449190078,0.9632452685535473,0.002019357089495178,0.01778998190776769
38,PREM NAGAR,0.002597973266983481,0.964813940316522,0.0,0.032588086416494605
39,MUBARIKPUR,0.006063015150684429,0.619303551591506,0.09407262133562913,0.28056081192218046
40,NITHARI,0.03338855504267765,0.5488829487801059,0.22174116633457394,0.19598732984264278
41,AMAN VIHAR,0.0063345968825087124,0.969612664442334,0.002880140730759052,0.02117259794439831
42,MANGOL PURI,0.09076851489721784,0.854591182807985,0.00199212232802931,0.05264817996676873
43,SULTANPURI-A,0.11041572415371441,0.8396249452187385,0.0033841990492981242,0.04657513157824895
44,SULTANPURI-B,0.02572674723603665,0.962759324567407,0.0,0.011513928196556047
45,JAWALAPURI,0.1813619307575854,0.7228394897232762,0.013202325253824969,0.08259625426531285
46,NANGLOI JAT,0.007170761885559347,0.9730347980421915,0.000829271782683734,0.018965168289565255
47,NIHAL VIHAR,0.0010819816568928497,0.9884358795177112,0.0,0.010482138825395733
48,GURU HARKISHAN NAGAR,0.1514658975886638,0.7888603609624667,0.028287070555188074,0.03138667089368044
49,MANGOLPURI-A,0.11244661872688484,0.776608384778043,0.03777571152402795,0.0731692849710445
50,MANGOLPURI-B,0.08430648854744636,0.8933222092368834,0.00812982134878133,0.014241480866888282
51,ROHINI-C,0.10658047491299652,0.8416758980956566,0.029417911608209103,0.022325715383138107
52,ROHINI-F,0.1277897592335662,0.8637627061607391,0.0005249880263426079,0.007922546579352083
53,ROHINI-E,0.22792949867544762,0.7571219634325085,0.0047291277017497335,0.010219410190293059
54,ROHINI-D,0.28306809627262686,0.5809771706788927,0.08193370602507458,0.05402102702340441
55,SHALIMAR BAGH-A,0.30883662151392755,0.5691200465520642,0.04559459135224377,0.07644874058176497
56,SHALIMAR BAGH-B,0.2663868113480541,0.7132690218497728,0.009976864152559143,0.010367302649613412
57,PITAM PURA,0.2580569954582341,0.7008360616049165,0.01218185539457138,0.028925087542277916
58,SARASWATI VIHAR,0.20132171707314472,0.752597467046762,0.02247016087675973,0.023610655003333928
59,PASCHIM VIHAR,0.20015725086619354,0.7504216326030807,0.02437202520971327,0.025049091321011387
60,RANI BAGH,0.3722610724430211,0.572205964885715,0.0368826451003059,0.018650317570958787
61,KOHAT ENCLAVE,0.17540561108753225,0.8125707971725031,0.005821832604018786,0.006201759135945201
62,SHAKUR PUR,0.12796242469737668,0.8424794518820578,0.014332348264931963,0.015225775155633585
63,TRI NAGAR,0.07486464072533457,0.9143074338254881,0.0036784408527668288,0.0071494845964098445
64,KESHAV PURAM,0.21445796868826103,0.7569366628346221,0.010332270159733111,0.018273098317383843
65,ASHOK VIHAR,0.13334001301727075,0.8395614287194909,0.01649875171716217,0.010599806546076737
66,WAZIR PUR,0.38592679834599264,0.5754405616141065,0.01584452296225045,0.022788117077650872
67,SANGAM PARK,0.10681311810483816,0.8730215090962185,0.008261498812984798,0.011903873985958938
68,MODEL TOWN,0.19172222304956973,0.7596619568532778,0.008523333680819275,0.040092486416333395
69,KAMLA NAGAR,0.28009574167388573,0.6956854225383623,0.010867719606479512,0.013351116181273218
70,SHASTRI NAGAR,0.27795286789713874,0.7069578380233276,0.0049893158654600485,0.010099978214073253
71,KISHAN GANJ,0.10166586577821905,0.8818619200648332,0.002758591031100022,0.013713623125847561
72,SADAR BAZAR,0.06560527583567487,0.9281737792874414,0.0,0.006220944876883307
73,CIVIL LINES,0.4058811456153991,0.5029501899479618,0.012211691131945604,0.07895697330469437
74,CHANDNI CHOWK,0.2589202507591639,0.5630262587315613,0.0911655665055891,0.08688792400368532
75,JAMA MASJID,0.05977159620926101,0.9002124043360583,0.015414265623100942,0.024601733831580007
76,CHANDANI MAHAL,0.06366988250300182,0.9149905984650711,0.006953839287638795,0.014385679744288405
77,DELHI GATE,0.23788756278720835,0.7378900831374109,0.0017822941008032763,0.02244005997457861
78,BAZAR SITA RAM,0.00022865840042730545,0.9950418641376094,0.0,0.0047294774619632135
79,BALLIMARAN,0.04380006156187151,0.9499420304980842,0.0035677902842660976,0.00269011765577838
80,RAM NAGAR,0.035672045884513816,0.9320410375581019,0.0006167533426821858,0.031670163214702264
81,QURAISH NAGAR,0.024308853324177038,0.9738966355278555,0.0,0.0017945111479673681
82,PAHAR GANJ,0.12736270804709593,0.8682824579247529,0.00160451936576729,0.002750314662384159
83,KAROL BAGH,0.14806187467234566,0.8294849180824817,0.00875099359299029,0.013702213652182165
84,DEV NAGAR,0.14754761996695617,0.8413934517845932,0.0031820481920365484,0.007876880056414397
85,WEST PATEL NAGAR,0.2742939773495477,0.6683288645150502,0.014933195597517714,0.042443962537883684
86,EAST PATEL NAGAR,0.14744845360262873,0.8438220297396098,0.00221557020684832,0.006513946450912899
87,RANJEET NAGAR,0.027846265468241944,0.9709157102377505,0.0,0.0012380242940073657
88,BALJEET NAGAR,0.08144671039586444,0.9098521225068531,0.0013974677187447988,0.007303699378537878
89,KARAM PURA,0.15739805984200392,0.7531244730056073,0.02666502940253502,0.06281243774985332
90,MOTI NAGAR,0.04180082797693049,0.9370390430604283,0.0014707277979088937,0.01968940116473254
91,RAMESH NAGAR,0.06459129285264334,0.9277728511113716,0.00446206305458013,0.003173792981404276
92,PUNJABI BAGH,0.14239018660787256,0.8040337584201823,0.012915235527443078,0.04066081944450217
93,MADIPUR,0.11896976258240492,0.827188396490837,0.016065168516223714,0.03777667241053442
94,RAGHUBIR NAGAR,0.06463524503592606,0.9002922021459363,0.0021902569856103097,0.032882295832527234
95,VISHNU GARDEN,0.06165241100812406,0.8895147663033472,0.011197373112904346,0.037635449575623446
96,RAJOURI GARDEN,0.10850775144128438,0.8856711922564028,0.003208376729133324,0.002612679573179497
97,CHAUKHANDI NAGAR,0.10018439646963241,0.868558762971367,0.011475471769394938,0.01978136878960575
98,SUBHASH NAGAR,0.1420010065507222,0.8325774807607568,0.012702143978092642,0.012719368710428128
99,HARI NAGAR,0.13145510880949593,0.8410522320909044,0.012885020614786108,0.014607638484813203
100,FATEH NAGAR,0.26859781088528567,0.6952380821235998,0.015386344847408438,0.02077776214370806
101,TILAK NAGAR,0.03945871045065813,0.9588779857242191,0.0007858459204090774,0.0008774579047134512
102,KHYALA,0.27457631668769544,0.6532214249463401,0.022169468211447243,0.05003279015451634
103,KESHOPUR,0.11987031677321423,0.8650987616769364,0.007489809038177761,0.007541112511671963
104,JANAK PURI SOUTH,0.18112774926743286,0.8070076502292286,0.0025612585030835022,0.009303342000254471
105,MAHAVEER ENCLAVE,0.00039923575712420394,0.9862934958210079,0.0,0.01330726842186796
106,JANAK PURI WEST,0.1459799741058282,0.84336288645393,0.0037268719978268325,0.006930267442414413
107,VIKAS PURI,0.19654994954591287,0.745996684445725,0.015263370332996956,0.04218999567536396
108,HASTSAL,0.1020725859311057,0.8329023759471019,0.012035746185273616,0.05298929193651917
109,VIKAS NAGAR,0.08615954066677452,0.8207991237484975,0.009173447817232897,0.08386788776749561
110,KUNWAR SINGH NAGAR,0.09736128472739444,0.30336279915119313,0.5341060859587228,0.06516983016269177
111,BAPROLA,0.11708828470304482,0.6870794421042076,0.09769975276570263,0.09813252042704405
112,SAINIK ENCLAVE,0.0587857750154549,0.8759614615128054,0.017345917752979667,0.047906845718760506
113,MOHAN GARDEN,0.11146243493472348,0.854251695893265,0.0038812421225796916,0.03040462704943237
114,NAWADA,0.004833092468430893,0.9693168825676114,0.0024165462342154464,0.023433478729742507
115,UTTAM NAGAR,0.0007031560819309966,0.9948485314267531,0.0,0.004448312491316001
116,BINDA PUR,0.015215742763848199,0.9708330880596135,0.0007946868518281284,0.013156482324710126
117,DABRI,0.010785859387852014,0.9752008371341044,0.00012887539038503683,0.013884428087658529
118,SAGARPUR,0.10716290348198484,0.872303741719784,0.004890690726517313,0.015642664071713826
119,MANGLAPURI,0.12099255898388778,0.8544158051042607,0.009509010214141474,0.01508262569770979
120,DWARKA-B,0.2263912752846759,0.5110470044768544,0.12038091740509314,0.1421808028333749
121,DWARKA-A,0.3037117702295899,0.5500082417823179,0.08460481303352771,0.06167517495456454
122,MATIALA,0.17073399404865788,0.7791642446367966,0.017595836656863144,0.03250592465768242
123,KAKROLA,0.10854824277389127,0.8088594778196398,0.010522487186031047,0.07206979222043891
124,NANGLI SAKRAWATI,0.09520907982040383,0.525289103712335,0.26309177601601,0.11641004045125077
125,CHHAWALA,0.0966910675659727,0.10131705883233019,0.7477149226954657,0.054276950906231074
126,ISAPUR,0.047455912686405276,0.11278923332840991,0.8106645887366429,0.029090265248543537
127,NAJAFGARH,0.07003140331482526,0.31680819426778556,0.5596312283587844,0.05352917405860566
128,DICHAON KALAN,0.047756567033447946,0.331810443875489,0.5658270579831294,0.054605931107932784
129,ROSHAN PURA,0.09526480957316165,0.752304513763549,0.10718813629176183,0.04524254037152761
130,DWARKA-C,0.2578069623047109,0.323192170489991,0.22815518910145993,0.19084567810383649
131,BIJWASAN,0.40792428517444734,0.33058049415701046,0.1994788334632929,0.06201638720524975
132,KAPASHERA,0.30395507602535327,0.571611996568539,0.09723991524549137,0.027193012160616457
133,MAHIPALPUR,0.17190530802051265,0.5813079065713348,0.07038054005844409,0.17640624534970487
134,RAJ NAGAR,0.015935179434674086,0.9756211551855253,0.002258252692334283,0.006185412687466399
135,PALAM,0.09708546527767223,0.8675888716024733,0.021776942173842784,0.013548720946011769
136,MADHU VIHAR,0.057801457244610485,0.9086677146844464,0.01635087910815504,0.017179948962788277
137,MAHAVIR ENCLAVE,0.02770528357927354,0.946080518080258,0.0002665452056749041,0.02594765313479373
138,SADH NAGAR,0.015343408948060093,0.9815603394091765,9.106622478715495e-05,0.0030051854179761134
139,NARAINA,0.12125518717622506,0.8688793852509191,0.003228254818105157,0.006637172754750639
140,INDER PURI,0.2488507171043792,0.4722766534326527,0.1977671236380636,0.08110550582490583
141,RAJINDER NAGAR,0.5667055670023319,0.3323452731821086,0.01161020506967264,0.08933895474588704
142,DARYAGANJ,0.4545729909475411,0.39630642246656084,0.06372867500171078,0.08539191158418737
143,SIDHARTHA NAGAR,0.2806919139843949,0.4563346748092782,0.12726985438315908,0.13570355682316826
144,LAJPAT NAGAR,0.3101751822507761,0.6757835666297429,0.0005320302186209528,0.013509220900859287
145,ANDREWS GANJ,0.2832372988275839,0.6847922885189409,0.0074152998738345015,0.02455511277964118
146,AMAR COLONY,0.20199725425445392,0.7896031860312704,0.0014871515521293795,0.006912408162143102
147,KOTLA MUBARAKPUR,0.17173970780149234,0.8154379421568635,0.0007579149568466145,0.012064435084796234
148,HAUZ KHAS,0.5480248172125872,0.4364862783630674,0.002809115153048133,0.012679789271297502
149,MALVIYA NAGAR,0.33554944012011595,0.6490265817646438,0.0044958166298295025,0.010928161485410991
150,GREEN PARK,0.4947459446623896,0.489992529966707,0.0005045982754611882,0.014756927095443286
151,MUNIRKA,0.35564265960945435,0.6344091216066332,0.0043457348629906915,0.005602483920921852
152,R.K. PURAM,0.4535608457719302,0.5351963788438634,0.0011065723803352625,0.010136203003871004
153,VASANT VIHAR,0.49198896790721425,0.4200614565126082,0.019129750841614675,0.0688198247385634
154,LADO SARAI,0.6636348175134574,0.26736312597733725,0.012094145894083195,0.05690791061512276
155,MEHRAULI,0.6159623702093115,0.35805501036665766,0.007935783432988798,0.018046835991042776
156,VASANT KUNJ,0.4675729795524585,0.2487906707518637,0.13449205673609263,0.1491442929595853
157,AYA NAGAR,0.3068415439427983,0.25532654887528383,0.12157239349579838,0.31625951368611804
158,BHATI,0.3245293280483924,0.148234784268369,0.16572013782766976,0.36151574985556917
159,CHHATARPUR,0.5318253653311082,0.3210577760016975,0.09050401309968915,0.05661284556750526
160,SAID-UL-AJAIB,0.3578779198452568,0.2264423193100042,0.1097744885048435,0.30590527233989806
161,DEOLI,0.32814741979063167,0.36537530736774565,0.07713594217372252,0.2293413306678988
162,TIGRI,0.10963569669099427,0.8821268693709157,0.0020419135647120733,0.006195520373378482
163,SANGAM VIHAR-A,0.08255704699655306,0.8053618388972992,0.05889867394758284,0.05318244015856605
164,DAKSHIN PURI,0.6246038092516099,0.3684364381251793,0.0012737611288498943,0.005685991494359605
165,MADANGIR,0.11169386154838194,0.8661528011090152,0.0,0.02215333734260308
166,PUSHP VIHAR,0.3693859920730703,0.5898089296206629,0.011853823967544612,0.02895125433872225
167,KHANPUR,0.36165104489846467,0.6054052472161662,0.021731587419581005,0.011212120465788851
168,SANGAM VIHAR-C,0.15268940958723948,0.5585320227080443,0.04124464905175692,0.24753391865295882
169,SANGAM VIHAR-B,0.36111993886950833,0.23056559057990883,0.09670928255666056,0.3116051879939233
170,TUGHLAKABAD EXTENSION,0.3948580135175137,0.5287607570496837,0.023440995630313346,0.05294023380248869
171,CHITARANJAN PARK,0.3085244890157923,0.686480276401887,0.000781377476564422,0.004213857105758133
172,CHIRAG DELHI,0.5437595501354656,0.4317280850383775,0.007840573601579788,0.016671791224576175
173,GREATER KAILASH,0.38168165536732973,0.6055704018411276,0.0069380331565743894,0.0058099096349703006
174,SRI NIWAS PURI,0.3615181211075253,0.6247274598291319,0.0068595439976846,0.0068948750656561714
175,KALKAJI,0.3304591674192225,0.6209874539831105,0.01947992403703121,0.02907345456063595
176,GOVIND PURI,0.06001675516797082,0.937063228544064,0.0010512058636675313,0.0018688104242978335
177,HARKESH NAGAR,0.10626660981572024,0.8756891492444971,0.002148406518868288,0.015895834420914474
178,TUGHLAKABAD,0.305075489238038,0.5093767568735574,0.0840396729470057,0.10150808094139917
179,PUL PEHLADPUR,0.31494087531674114,0.5744687778747078,0.020505903084189002,0.09008444372436201
180,BADARPUR,0.3361915784804352,0.5851928710003905,0.015276655356054837,0.06333889516312012
181,MOLARBAND,0.081877822633406,0.8982484025020707,0.0054446060052667335,0.014429168859255326
182,MEETHAPUR,0.03552252410166518,0.8645240515838241,0.023855765619131077,0.07609765869537995
183,HARI NAGAR EXTENSION,0.039446959947575806,0.8660031561120797,0.01409295825799983,0.08045692568234397
184,JAITPUR,0.1121022357916377,0.42409675229010696,0.17605834205538054,0.28774266986287506
185,MADANPUR KHADAR EAST,0.2942745295866624,0.27126123641088706,0.2572584098814366,0.1772058241210128
186,MADANPUR KHADAR WEST,0.19978431358728266,0.522328413641172,0.12126318163730712,0.15662409113423742
187,SARITA VIHAR,0.2604401240266753,0.6823515270812966,0.03524245221857473,0.021965896673455252
188,ABUL FAZAL ENCLAVE,0.19472165028209662,0.5785450371390835,0.027010306107326316,0.19972300647149352
189,ZAKIR NAGAR,0.36015802075729114,0.39086496004112115,0.090502572105066,0.15847444709652178
190,NEW ASHOK NAGAR,0.19828549885363825,0.735079763099867,0.0026549341773594664,0.06397980386913504
191,MAYUR VIHAR PHASE-I,0.1948955885777185,0.7732795664782707,0.0038797072458246016,0.0279451376981859
192,TRILOKPURI,0.06599811143190339,0.9110014280001373,0.0014248072918204887,0.021575653276138827
193,KONDLI,0.21529833254956254,0.7044244792659617,0.020746747849863918,0.05953044033461156
194,GHAROLI,0.11973721911317457,0.7770158546726617,0.02627025015946494,0.07697667605469771
195,KALYANPURI,0.12848270603855658,0.7273114495139974,0.0024070436641949727,0.1417988007832515
196,MAYUR VIHAR PHASE-II,0.230537749173296,0.661854566872609,0.02866362014616589,0.07894406380792908
197,PATPAR GANJ,0.19304110097862323,0.22178444726907076,0.38684860545436917,0.19832584629793631
198,VINOD NAGAR,0.07042299554927552,0.9123289743267192,0.0015505896991437936,0.015697440424861583
199,MANDAWALI,0.05709078382709184,0.8914976396934724,0.0,0.05141157647943565
200,PANDAV NAGAR,0.3650127207022043,0.406184199891857,0.1325406222033373,0.09626245720260175
201,LALITA PARK,0.45376723676608416,0.23843885325382352,0.17311533061688733,0.13467857936320488
202,SHAKARPUR,0.09840879069873237,0.8995621858598654,0.0,0.0020290234414017693
203,LAXMI NAGAR,0.013923260467531258,0.9811385111418365,0.001586829316671626,0.003351399073960638
204,PREET VIHAR,0.2030401439406949,0.785507869025558,0.005995549827187096,0.005456437206560646
205,I.P. EXTENSION,0.09836143271010256,0.8122455728736749,0.009823936991236761,0.07956905742498598
206,ANAND VIHAR,0.16821483356488973,0.8011442056981904,0.007823306625049958,0.022817654111870273
207,VISHWAS NAGAR,0.06833116058643413,0.8296654472871478,0.032040313101946785,0.06996307902447121
208,ANARKALI,0.0014497009398908793,0.9966810386275013,0.0,0.0018692604326076628
209,JAGAT PURI,0.014075713826176818,0.9835945128508697,0.0,0.0023297733229534043
210,GEETA COLONY,0.09997941951090021,0.8631546608842448,0.02776129018787899,0.009104629416975624
211,KRISHNA NAGAR,0.10395046784424947,0.7787189649449984,0.04878669476929504,0.0685438724414569
212,GANDHI NAGAR,0.12646331209545414,0.7214285452743385,0.057274630424866114,0.09483351220534053
213,SHASTRI PARK,0.22988759195011219,0.5445285224820642,0.12431763021466422,0.10126625535315865
214,AZAD NAGAR,0.04517300361360673,0.9119070240576307,0.0055824094992907,0.03733756282947158
215,SHAHDARA,0.01859083441672538,0.9767309892826413,0.001942315648797478,0.002735860651835592
216,JHILMIL,0.10795360676747064,0.8783157671869412,0.0027403829959916737,0.010990243049596341
217,DILSHAD COLONY,0.1735111865936492,0.8149248688163626,0.00039680202024468334,0.011167142569743231
218,SUNDAR NAGRI,0.10020881329711177,0.8039761919371666,0.04788946097162334,0.047925533794098564
219,DILSHAD GARDEN,0.17291037167951614,0.7920468112291926,0.007215480554148891,0.02782733653713939
220,NAND NAGRI,0.22850816522019998,0.6913150650787059,0.05827230768342805,0.02190446201766542
221,ASHOK NAGAR,0.05546141000061209,0.9263446949050209,0.006557190617766674,0.011636704476600014
222,RAM NAGAR EAST,0.018849907991329577,0.9766368375212015,0.0008349541266379834,0.0036783003608311547
223,ROHTASH NAGAR,0.0270791299421483,0.9644543824951133,0.00035648368685214774,0.008110003875886361
224,WELCOME COLONY,0.07039487959861077,0.8704077589984309,0.0033556436270069847,0.0558417177759517
225,SEELAMPUR,0.018596735276411175,0.8531081611713516,0.015310863938677905,0.11298423961355944
226,GAUTAM PURI,0.1271261270316835,0.24041503655707075,0.4357408089554572,0.19671802745578765
227,CHAUHAN BANGER,0.01336454635378665,0.9367806561943955,0.0,0.04985479745181781
228,MAUJPUR,0.0025403076861011736,0.9620332210891342,0.0,0.03542647122476446
229,BRAHAM PURI,0.17086312043437166,0.30864709045684646,0.41179320022222143,0.10869658888655977
230,BHAJANPURA,0.482238682525746,0.2394195606510531,0.1294407637183331,0.14890099310486732
231,GHONDA,0.0004556147821684883,0.9494309282034483,0.0,0.050113457014383155
232,YAMUNA VIHAR,0.06077547043535898,0.9142883341488823,0.0006963645732380886,0.02423983084252037
233,SUBHASH MOHALLA,0.013432612546224292,0.9491560743034124,0.0,0.037411313150363036
234,KABIR NAGAR,0.007035685332363742,0.9764087507557692,7.343026523130241e-05,0.01648213364663581
235,GORAKH PARK,0.057728323920608705,0.9146112542017724,0.0098950830168362,0.01776533886078277
236,KARDAM PURI,0.1182468168115976,0.8200918190024922,0.03846454083290974,0.02319682335300108
237,HARSH VIHAR,0.05480164365403218,0.8475902078546731,0.04021488506907289,0.05739326342222163
238,SABOLI,0.02658179133549054,0.92538350516607,0.011546503870625552,0.036488199627813765
239,GOKAL PURI,0.10038013364666963,0.8573086497571375,0.021550883905680173,0.020760332690512657
240,JOHARIPUR,0.0025558971847201664,0.9430997794426192,0.011942353438350699,0.04240196993431063
241,KARAWAL NAGAR-EAST,0.005229703764891166,0.9638538398839244,0.0,0.030916456351184375
242,DAYALPUR,0.004757196536578448,0.9594092891443957,0.0,0.035833514319026046
243,MUSTAFABAD,0.0,0.970479468572556,0.0,0.02952053142744387
244,NEHRU VIHAR,0.0008667278474558981,0.9637307441019075,0.0,0.03540252805063651
245,BRIJ PURI,0.00946692212329539,0.9563673006675902,0.0008452609038656599,0.03332051630524857
246,SRI RAM COLONY,0.027125251490707047,0.9149337698584652,0.0004840147473129337,0.057456963903515075
247,SADATPUR,0.003074899879557554,0.9577912359324217,0.0,0.039133864188020714
248,KARAWAL NAGAR-WEST,0.003470463939917612,0.9555523174001087,0.0003186778194738895,0.040658540840499684
249,SONIA VIHAR,0.3437699919162908,0.3803968319553525,0.13454718313095732,0.14128599299739886
250,SABAPUR,0.08613837096527774,0.166273230086561,0.5834322121133818,0.16415618683477945
