ward_number,ward_name,jhuggi_jhopri_clusters_apportioned,jhuggi_jhopri_households,jhuggi_jhopri_area_square_meters,jhuggi_jhopri_area_fraction
1,NARELA,0.0,0,0,0.0
2,BANKNER,0.0,0,0,0.0
3,HOLAMBI KALAN,0.0,0,0,0.0
4,ALIPUR,0.0,0,0,0.0
5,BAKHTAWARPUR,0.0,0,0,0.0
6,BURARI,0.19,58,1450,0.00012
7,KADIPUR,0.19,57,1430,0.00011
8,MUKUNDPUR,0.24,70,1757,0.00046
9,SANT NAGAR,0.15,44,1102,0.00034
10,JHARODA,0.23,68,1699,0.00015
11,TIMARPUR,5.44,1599,75719,0.01536
12,MALKA GANJ,4.89,1439,68151,0.02152
13,MUKHERJEE NAGAR,5.67,1668,78999,0.02072
14,DHIRPUR,2.86,1872,34197,0.00514
15,ADARSH NAGAR,2.83,1849,33787,0.01492
16,AZADPUR,3.31,2164,39546,0.02183
17,BHALSWA,2.85,2273,70954,0.07968
18,JAHANGIR PURI,3.6,2874,89714,0.03288
19,SARUP NAGAR,3.52,2814,87835,0.01787
20,SAMAYPUR BADLI,3.04,2425,75702,0.01598
21,ROHINI-A,0.0,0,0,0.0
22,ROHINI-B,0.0,0,0,0.0
23,RITHALA,0.0,0,0,0.0
24,VIJAY VIHAR,0.0,0,0,0.0
25,BUDH VIHAR,0.0,0,0,0.0
26,POOTH KALAN,0.37,1181,25370,0.00563
27,BEGUMPUR,0.41,1329,28544,0.00405
28,SHAHBAAD DAIRY,0.28,918,19708,0.00659
29,POOTH KHURD,0.3,970,20826,0.00067
30,BAWANA,0.33,1077,23133,0.00132
31,NANGAL THAKRAN,0.3,970,20820,0.00034
32,KANJHAWALA,0.0,0,0,0.0
33,RANI KHERA,0.0,0,0,0.0
34,NANGLOI,0.0,0,0,0.0
35,MUNDKA,0.0,0,0,0.0
36,NILOTHI,0.0,0,0,0.0
37,KIRARI,0.17,58,3054,0.00174
38,PREM NAGAR,0.18,64,3353,0.00306
39,MUBARIKPUR,0.24,83,4326,0.00136
40,NITHARI,0.19,65,3387,0.00085
41,AMAN VIHAR,0.23,80,4180,0.00296
42,MANGOL PURI,4.76,1071,33558,0.04197
43,SULTANPURI-A,5.15,1159,36305,0.02762
44,SULTANPURI-B,5.08,1142,35801,0.04048
45,JAWALAPURI,2.47,1336,16655,0.01077
46,NANGLOI JAT,1.99,1074,13391,0.00655
47,NIHAL VIHAR,1.62,876,10924,0.00784
48,GURU HARKISHAN NAGAR,1.93,1042,12993,0.0033
49,MANGOLPURI-A,3.06,682,11620,0.00781
50,MANGOLPURI-B,3.16,703,11985,0.00829
51,ROHINI-C,2.78,620,10563,0.00448
52,ROHINI-F,1.06,939,24687,0.01175
53,ROHINI-E,0.87,771,20283,0.00752
54,ROHINI-D,1.06,935,24580,0.0051
55,SHALIMAR BAGH-A,3.43,1772,47746,0.0212
56,SHALIMAR BAGH-B,4.06,2096,56478,0.0186
57,PITAM PURA,4.51,2332,62856,0.01592
58,SARASWATI VIHAR,3.22,1473,39048,0.00944
59,PASCHIM VIHAR,3.41,1561,41375,0.01311
60,RANI BAGH,3.37,1542,40872,0.00812
61,KOHAT ENCLAVE,3.84,697,19755,0.00739
62,SHAKUR PUR,4.16,756,21419,0.0085
63,TRI NAGAR,4.0,726,20578,0.0144
64,KESHAV PURAM,8.16,4309,65909,0.02348
65,ASHOK VIHAR,6.95,3673,56179,0.02897
66,WAZIR PUR,10.89,5755,88033,0.03146
67,SANGAM PARK,6.94,3611,60058,0.06189
68,MODEL TOWN,8.34,4339,72160,0.02031
69,KAMLA NAGAR,7.72,4016,66797,0.02163
70,SHASTRI NAGAR,6.46,1622,31848,0.01532
71,KISHAN GANJ,6.1,1530,30038,0.0102
72,SADAR BAZAR,5.44,1365,26803,0.02088
73,CIVIL LINES,5.41,1178,2138359,0.34248
74,CHANDNI CHOWK,5.07,1104,2003795,0.3755
75,JAMA MASJID,4.52,984,1785818,2.93275
76,CHANDANI MAHAL,2.72,837,22356,0.03627
77,DELHI GATE,2.59,797,21291,0.00884
78,BAZAR SITA RAM,2.7,831,22204,0.05004
79,BALLIMARAN,0.32,52,633,0.00061
80,RAM NAGAR,0.36,58,705,0.00086
81,QURAISH NAGAR,0.31,51,612,0.00083
82,PAHAR GANJ,2.03,589,9995,0.00519
83,KAROL BAGH,2.02,585,9928,0.00381
84,DEV NAGAR,1.95,564,9559,0.00997
85,WEST PATEL NAGAR,3.13,718,45161,0.03633
86,EAST PATEL NAGAR,2.0,458,28787,0.01602
87,RANJEET NAGAR,2.44,559,35162,0.03618
88,BALJEET NAGAR,2.44,559,35134,0.04422
89,KARAM PURA,12.05,8865,129356,0.03607
90,MOTI NAGAR,9.85,7247,105748,0.04727
91,RAMESH NAGAR,12.11,8908,129981,0.05504
92,PUNJABI BAGH,3.81,1133,18138,0.00493
93,MADIPUR,3.91,1162,18599,0.01249
94,RAGHUBIR NAGAR,4.27,1269,20322,0.01527
95,VISHNU GARDEN,2.13,1182,26396,0.01914
96,RAJOURI GARDEN,1.91,1058,23621,0.00936
97,CHAUKHANDI NAGAR,1.96,1085,24229,0.01708
98,SUBHASH NAGAR,5.93,1773,379423,0.15161
99,HARI NAGAR,7.37,2202,471263,0.15622
100,FATEH NAGAR,5.7,1706,365034,0.11606
101,TILAK NAGAR,1.87,760,648211,0.46338
102,KHYALA,2.56,1041,888101,0.36051
103,KESHOPUR,2.57,1046,892331,0.37775
104,JANAK PURI SOUTH,0.36,127,394,0.00012
105,MAHAVEER ENCLAVE,0.32,113,349,0.00026
106,JANAK PURI WEST,0.32,110,343,0.00012
107,VIKAS PURI,1.14,439,725302,0.26677
108,HASTSAL,1.05,404,667333,0.36115
109,VIKAS NAGAR,0.79,305,502593,0.24219
110,KUNWAR SINGH NAGAR,0.84,325,535599,0.03757
111,BAPROLA,0.83,319,526470,0.13443
112,SAINIK ENCLAVE,1.35,520,858305,0.29333
113,MOHAN GARDEN,0.0,0,0,0.0
114,NAWADA,0.0,0,0,0.0
115,UTTAM NAGAR,0.0,0,0,0.0
116,BINDA PUR,0.0,0,0,0.0
117,DABRI,1.25,191,8418,0.00546
118,SAGARPUR,1.47,224,9913,0.00905
119,MANGLAPURI,1.27,194,8576,0.00534
120,DWARKA-B,0.3,113,8778,0.00083
121,DWARKA-A,0.35,131,10205,0.00114
122,MATIALA,0.26,98,7616,0.00351
123,KAKROLA,0.31,118,9191,0.0021
124,NANGLI SAKRAWATI,0.39,149,11593,0.00096
125,CHHAWALA,0.39,146,11361,0.00012
126,ISAPUR,0.0,0,0,0.0
127,NAJAFGARH,0.0,0,0,0.0
128,DICHAON KALAN,0.0,0,0,0.0
129,ROSHAN PURA,0.0,0,0,0.0
130,DWARKA-C,1.06,994,37659,0.00219
131,BIJWASAN,1.11,1042,39511,0.00327
132,KAPASHERA,1.74,1633,61887,0.02117
133,MAHIPALPUR,1.53,1436,54442,0.00295
134,RAJ NAGAR,1.56,1469,55672,0.0405
135,PALAM,0.22,49,73435,0.03524
136,MADHU VIHAR,0.27,60,90147,0.06067
137,MAHAVIR ENCLAVE,0.27,60,90252,0.06038
138,SADH NAGAR,0.23,50,75557,0.06885
139,NARAINA,8.34,3563,67551,0.02554
140,INDER PURI,6.19,2647,50177,0.00804
141,RAJINDER NAGAR,6.47,2763,52384,0.0067
142,DARYAGANJ,5.99,2786,41719,0.00327
143,SIDHARTHA NAGAR,6.94,3226,48309,0.01186
144,LAJPAT NAGAR,7.07,3286,49216,0.02181
145,ANDREWS GANJ,3.08,693,9145,0.00179
146,AMAR COLONY,2.61,587,7738,0.00275
147,KOTLA MUBARAKPUR,2.31,520,6858,0.0037
148,HAUZ KHAS,1.15,370,8953,0.00164
149,MALVIYA NAGAR,1.58,508,12291,0.00444
150,GREEN PARK,1.26,404,9778,0.00247
151,MUNIRKA,8.86,4021,103025,0.03694
152,R.K. PURAM,7.46,3386,86750,0.03831
153,VASANT VIHAR,7.68,3487,89325,0.012
154,LADO SARAI,3.06,2948,98469,0.01087
155,MEHRAULI,3.37,3241,108243,0.0191
156,VASANT KUNJ,2.57,2469,82448,0.00365
157,AYA NAGAR,2.25,875,242516,0.01566
158,BHATI,3.1,1206,334262,0.00598
159,CHHATARPUR,2.56,997,276259,0.02524
160,SAID-UL-AJAIB,3.08,1199,332360,0.01288
161,DEOLI,1.45,2355,39788,0.00785
162,TIGRI,1.47,2377,40163,0.03932
163,SANGAM VIHAR-A,1.56,2530,42746,0.03011
164,DAKSHIN PURI,1.52,2457,41524,0.02306
165,MADANGIR,0.79,133,6328,0.01209
166,PUSHP VIHAR,1.24,208,9909,0.0041
167,KHANPUR,0.97,162,7741,0.00286
168,SANGAM VIHAR-C,0.67,230,13436,0.00615
169,SANGAM VIHAR-B,0.66,227,13215,0.00291
170,TUGHLAKABAD EXTENSION,0.67,228,13302,0.00385
171,CHITARANJAN PARK,2.04,562,11148,0.0031
172,CHIRAG DELHI,2.42,669,13258,0.00316
173,GREATER KAILASH,1.54,427,8460,0.00176
174,SRI NIWAS PURI,6.3,3925,90505,0.01978
175,KALKAJI,4.03,2508,57827,0.01826
176,GOVIND PURI,6.67,4154,95796,0.11293
177,HARKESH NAGAR,27.52,7791,186524,0.04787
178,TUGHLAKABAD,26.37,7465,178716,0.02768
179,PUL PEHLADPUR,29.11,8239,197252,0.03578
180,BADARPUR,1.05,575,21629,0.00877
181,MOLARBAND,0.99,540,20313,0.01474
182,MEETHAPUR,1.04,567,21324,0.01095
183,HARI NAGAR EXTENSION,1.0,544,20452,0.01284
184,JAITPUR,0.93,506,19028,0.00519
185,MADANPUR KHADAR EAST,1.55,562,23393,0.00357
186,MADANPUR KHADAR WEST,1.59,574,23904,0.00783
187,SARITA VIHAR,1.56,564,23506,0.00429
188,ABUL FAZAL ENCLAVE,2.14,774,32260,0.00959
189,ZAKIR NAGAR,2.16,779,32455,0.00708
190,NEW ASHOK NAGAR,2.64,799,14124,0.00984
191,MAYUR VIHAR PHASE-I,3.68,1112,19654,0.0111
192,TRILOKPURI,3.68,1111,19635,0.02004
193,KONDLI,2.28,1140,27197,0.00864
194,GHAROLI,2.72,1361,32476,0.01158
195,KALYANPURI,3.01,1507,35952,0.01403
196,MAYUR VIHAR PHASE-II,2.25,1134,44035,0.01743
197,PATPAR GANJ,2.37,1197,46486,0.00473
198,VINOD NAGAR,2.38,1200,46624,0.04556
199,MANDAWALI,2.01,1013,39359,0.06209
200,PANDAV NAGAR,1.18,309,8872,0.00209
201,LALITA PARK,0.93,243,6971,0.0013
202,SHAKARPUR,1.1,288,8277,0.00696
203,LAXMI NAGAR,0.79,208,5978,0.00593
204,PREET VIHAR,2.35,1263,32772,0.00991
205,I.P. EXTENSION,2.72,1458,37817,0.01281
206,ANAND VIHAR,2.54,1365,35406,0.00687
207,VISHWAS NAGAR,2.39,1282,33251,0.01603
208,ANARKALI,0.9,404,12562,0.01386
209,JAGAT PURI,1.2,537,16692,0.01618
210,GEETA COLONY,0.93,418,12984,0.01234
211,KRISHNA NAGAR,0.97,433,13468,0.00584
212,GANDHI NAGAR,2.52,1705,36300,0.01791
213,SHASTRI PARK,2.78,1883,40089,0.01323
214,AZAD NAGAR,2.7,1832,39003,0.03623
215,SHAHDARA,3.77,1965,30744,0.02692
216,JHILMIL,3.74,1949,30497,0.01242
217,DILSHAD COLONY,4.18,2178,34075,0.01915
218,SUNDAR NAGRI,9.05,4139,94593,0.08992
219,DILSHAD GARDEN,4.32,2253,35254,0.01886
220,NAND NAGRI,7.95,3637,83119,0.04551
221,ASHOK NAGAR,0.99,128,1502,0.00138
222,RAM NAGAR EAST,0.99,128,1502,0.00157
223,ROHTASH NAGAR,0.92,118,1394,0.00124
224,WELCOME COLONY,1.09,140,1649,0.00118
225,SEELAMPUR,1.33,496,15143,0.02038
226,GAUTAM PURI,1.08,402,12268,0.00317
227,CHAUHAN BANGER,1.23,459,14015,0.02594
228,MAUJPUR,1.35,503,15364,0.01649
229,BRAHAM PURI,0.0,0,0,0.0
230,BHAJANPURA,0.0,0,0,0.0
231,GHONDA,0.0,0,0,0.0
232,YAMUNA VIHAR,0.0,0,0,0.0
233,SUBHASH MOHALLA,0.48,2129,26068,0.03896
234,KABIR NAGAR,0.46,2040,24975,0.03764
235,GORAKH PARK,0.53,2358,28867,0.03995
236,KARDAM PURI,0.54,2417,29590,0.02053
237,HARSH VIHAR,0.27,196,4579,0.00171
238,SABOLI,0.24,177,4132,0.00242
239,GOKAL PURI,0.25,184,4302,0.00275
240,JOHARIPUR,0.24,178,4147,0.00317
241,KARAWAL NAGAR-EAST,0.0,0,0,0.0
242,DAYALPUR,0.0,0,0,0.0
243,MUSTAFABAD,0.0,0,0,0.0
244,NEHRU VIHAR,0.0,0,0,0.0
245,BRIJ PURI,0.0,0,0,0.0
246,SRI RAM COLONY,0.0,0,0,0.0
247,SADATPUR,0.0,0,0,0.0
248,KARAWAL NAGAR-WEST,0.0,0,0,0.0
249,SONIA VIHAR,0.0,0,0,0.0
250,SABAPUR,0.0,0,0,0.0
