ward_number_2017,ward_number_2022,raw_weight,weight
001E,191,0.08413973661033948,0.0841397366103363
001E,192,0.08305212710044098,0.08305212710043784
001E,196,0.8323575068244597,0.8323575068244283
001E,198,0.0004506294647974604,0.0004506294647974434
001N,1,0.7374104538792224,0.7756278882854337
001N,2,0.08748471332241124,0.09201874355666807
001N,3,0.12414664254753485,0.1305807338237739
001N,4,0.0016852915020604314,0.001772634334124335
001S,60,0.15882750824745073,0.15882750824746517
001S,92,0.02135665917225971,0.021356659172261653
001S,93,0.8198158325801986,0.8198158325802731
002E,192,0.09837473659567561,0.09837473659567446
002E,195,0.5386856860918144,0.5386856860918081
002E,196,0.36293957731252163,0.36293957731251736
002N,3,0.00485141238966025,0.004985154541959138
002N,4,0.0075070441583331825,0.00771399589990809
002N,5,0.9595123204113161,0.9859638426860688
002N,7,0.0005624873326024753,0.0005779937996806912
002N,250,0.0007386502047792287,0.0007590130723832559
002S,60,0.18448925399132604,0.18448926379264408
002S,62,0.003131503649263547,0.003131503815630219
002S,89,0.004049698940285027,0.0040496991554324485
002S,92,0.5632918687313406,0.5632918986572178
002S,93,0.2450376215610182,0.2450376345790754
003E,191,0.8083527544551128,0.8083527544550884
003E,192,0.18818622832849244,0.18818622832848675
003E,197,0.003461017216424897,0.0034610172164247924
003N,1,0.01225370033050818,0.01225644654162412
003N,2,5.017926037407035e-06,5.019050618871508e-06
003N,3,0.20656683911505233,0.20661313338816673
003N,4,0.7769819816056938,0.777156113214695
003N,5,0.0004968545095472354,0.0004969658610035565
003N,7,0.003279076123283023,0.0032798110062209835
003N,20,0.00019246780317202472,0.00019251093767068842
003S,90,0.11864267187452984,0.11864267187453113
003S,92,0.6786429798260263,0.6786429798260337
003S,94,0.20271434829943302,0.20271434829943522
004E,190,0.3671580279318799,0.3671580279318484
004E,191,0.17637022079457848,0.17637022079456333
004E,192,0.23015855771921415,0.23015855771919436
004E,193,0.22631319355441334,0.2263131935543939
004N,2,0.12570030209737992,0.12570031311491164
004N,3,0.5824953121656751,0.582495363220927
004N,4,0.25826557411121986,0.2582655967479925
004N,20,0.0011744343024762325,0.0011744344054144672
004N,29,0.00911184567665057,0.009111846475296613
004N,30,0.02325244399739954,0.023252446035457803
004S,59,0.17873672988011863,0.17873672988010708
004S,92,0.3188271000095103,0.3188271000094897
004S,93,0.0023277480890208095,0.002327748089020659
004S,94,0.5001084220214148,0.5001084220213825
005E,192,0.10231815412415236,0.11479361126903871
005E,193,0.22136621671786183,0.24835697679977597
005E,194,0.04039061192003066,0.045315362101241506
005E,195,0.3573246935026104,0.4008926110316191
005E,196,6.053831495462325e-07,6.791963609264561e-07
005E,205,0.16992244087158734,0.1906407596019638
005N,2,0.8948736849246876,0.9540763441736458
005N,3,0.01601999714117207,0.01707984105869426
005N,30,0.027053988882595203,0.028843814767659848
005S,91,0.13504020966490624,0.13504020966490593
005S,92,0.02045820677202841,0.020458206772028364
005S,94,0.18010454755743227,0.18010454755743188
005S,96,0.659280854142885,0.6592808541428835
005S,97,0.005116181862750246,0.005116181862750235
006E,194,0.4760564609217992,0.6514692280812003
006E,195,0.25457043203878854,0.3483721290778789
006E,205,0.0001159271169595729,0.0001586428409207915
006N,4,0.017802631197962222,0.017802631197962143
006N,5,0.058690071166673075,0.05869007116667281
006N,6,0.019115375266570558,0.019115375266570474
006N,7,0.9043015621601443,0.9043015621601403
006N,20,9.036020865433161e-05,9.036020865433121e-05
006S,95,0.1702607297401318,0.17026077369520257
006S,96,0.10409715976336635,0.10409718663743198
006S,97,0.6606172973215523,0.6606174678686896
006S,102,0.0650245550117226,0.06502457179867589
007E,193,0.151616867868205,0.15161686786819972
007E,194,0.658104691620782,0.658104691620759
007E,195,0.1902784405110478,0.19027844051104117
007N,5,0.033458270827402964,0.0341017994694654
007N,6,0.6971699908537082,0.7105791971995817
007N,7,0.023930126468476587,0.024390392985837322
007N,9,0.017463422325087956,0.01779930975072928
007N,10,0.15330861595106704,0.15625731840937393
007N,250,0.0557987617087824,0.05687198218501241
007S,95,0.6919449731374518,0.6919336417650807
007S,96,0.04490475577600827,0.0449040204104392
007S,97,0.20363998338205422,0.20363664854970345
007S,102,0.05952666409043824,0.059525689274776576
008E,195,0.15366201429417295,0.1536620142941694
008E,196,0.8190439923442763,0.8190439923442574
008E,205,0.027293993361573763,0.02729399336157313
008N,9,0.00011218082859416904,0.00011218082859417042
008N,10,0.8657601148154359,0.8657601148154466
008N,11,0.018902740012843297,0.01890274001284353
008N,250,0.11522496434311424,0.11522496434311566
008S,59,0.16208731098286816,0.1620873109828683
008S,94,0.15481837275427085,0.154818372754271
008S,95,0.5372916140594318,0.5372916140594323
008S,96,0.14580270220342834,0.14580270220342847
009E,199,0.11689402782215569,0.11689402782215591
009E,204,0.845641614035559,0.8456416140355606
009E,205,0.03746435814228328,0.03746435814228335
009N,6,0.5000563269351157,0.5000563269350913
009N,9,0.36583107797047065,0.3658310779704528
009N,10,0.1341125950944625,0.13411259509445594
009S,91,0.08333413362221548,0.08333411142171117
009S,96,0.21415588307054925,0.2141558260186739
009S,97,0.00195840702626553,0.0019584065045390566
009S,98,0.6731976734267096,0.6731974940844976
009S,99,0.015589363093509103,0.015589358940448316
009S,100,0.008105153711700076,0.008105151552458813
009S,101,0.0036596524526152888,0.003659651477671091
010E,198,0.0192631958464182,0.019263195846417287
010E,199,0.4078649835276439,0.40786498352762457
010E,200,0.3369602238984563,0.3369602238984404
010E,205,0.23591159672752895,0.2359115967275178
010N,7,0.07746462132234193,0.07746462123011885
010N,8,0.28288901611505113,0.28288901577826653
010N,9,0.44568066679892276,0.44568066626833164
010N,10,0.19211386921833742,0.1921138689896223
010N,18,0.0015614956337397256,0.001561495631880736
010N,19,0.00029033210212560845,0.0002903321017799627
010S,98,0.1554057935028745,0.15630256363661532
010S,99,0.7820855938986168,0.7865986238624852
010S,100,0.018644756308621908,0.018752345995155302
010S,104,0.03812645753662204,0.03834646650574421
011E,196,0.2550734788759396,0.2550734788759449
011E,198,0.2701619968016259,0.2701619968016315
011E,199,0.006081248709959027,0.006081248709959153
011E,200,0.0037283268365183734,0.0037283268365184506
011E,205,0.4649549487759364,0.464954948775946
011N,8,0.8391542784040731,0.8391432933573685
011N,9,0.08095019778633222,0.08094913809835075
011N,10,0.047118705959522604,0.04711808914662068
011N,17,0.010684181564820565,0.010684041702298844
011N,18,0.022105727072953104,0.022105437695361184
011S,98,0.027061510194675228,0.027061406353133744
011S,99,0.10856220758661231,0.10856179100723808
011S,100,0.6579885961831611,0.6579860713222196
011S,101,0.12814768721356515,0.12814719547998185
011S,103,0.047396669796887024,0.047396487924433586
011S,104,0.030847166281010117,0.030847047912993183
012E,190,0.047663737555609105,0.048426030123033655
012E,191,0.07325367794195292,0.07442523386885676
012E,196,0.052915661144953795,0.05376194843293857
012E,197,0.6923796139849734,0.7034529343044562
012E,198,0.025624783392143285,0.026034604000502105
012E,200,0.09242114545654936,0.09389924927021263
012N,10,0.21850454009304296,0.21850567813277133
012N,11,0.6732876526009939,0.6732911592928775
012N,13,0.003482208574732018,0.0034822267111592926
012N,73,0.027082650637242776,0.027082791692125945
012N,230,0.02874156291416295,0.028741712609178155
012N,250,0.04889617689536288,0.04889643156188766
012S,36,0.00921024151309328,0.009210913631121082
012S,48,0.06344294550751375,0.06344757526096287
012S,59,0.03518476738206402,0.035187334992959764
012S,95,0.028341833396880955,0.02834390164418369
012S,97,0.001696389870267086,0.0016965136644382123
012S,101,0.003950588223125167,0.003950876517581008
012S,102,0.6362724568310447,0.6363188888587198
012S,103,0.2218278075300425,0.2218439954300337
013E,142,0.006813151093164886,0.0068131510931649505
013E,201,0.5977914099173031,0.5977914099173087
013E,203,0.21858589063568737,0.21858589063568942
013E,210,0.10687499385348523,0.10687499385348624
013E,211,0.06993455450035006,0.06993455450035073
013N,12,0.6322388009725832,0.6322387921291905
013N,69,0.06915119960651642,0.06915119863926922
013N,73,0.29861001340832544,0.29861000923154035
013S,96,0.014711942093402474,0.014711394576998459
013S,97,0.3148320474568013,0.31482033073650717
013S,98,0.012960669354113894,0.012960187012691304
013S,101,0.3964070022697012,0.39639224967381476
013S,102,0.26112555599129805,0.26111583799998833
014E,203,0.2956984364424517,0.2956984364424444
014E,204,0.1319051659112717,0.13190516591126844
014E,209,0.2922762330811322,0.292276233081125
014E,210,0.2801201645651691,0.2801201645651622
014N,11,0.13930573890518244,0.13930573890518308
014N,12,0.32990703286125894,0.32990703286126044
014N,13,0.4544606454164941,0.45446064541649617
014N,14,0.03815983043889805,0.03815983043889822
014N,68,0.0006986412250657253,0.0006986412250657285
014N,73,0.037468111153096235,0.03746811115309641
014S,101,0.1912410116095494,0.19124106571353358
014S,102,0.08107414037372448,0.08107416331040512
014S,103,0.45750475876195335,0.4575048881945997
014S,107,0.2701798063449073,0.2701798827814616
015E,200,0.0012201614518151458,0.0012201614518151415
015E,201,0.6484921337740007,0.6484921337739984
015E,202,0.2308930612291171,0.23089306122911626
015E,203,0.044830001880402634,0.044830001880402474
015E,204,0.07456464166466786,0.0745646416646676
015N,11,0.4034934022050602,0.40349340220506474
015N,13,0.4026465421051678,0.40264654210517237
015N,14,0.19386005568976064,0.19386005568976283
015S,100,0.2511035332215821,0.2511034515154191
015S,103,0.109546576695053,0.10954654104987376
015S,104,0.09413382005113723,0.09413378942108935
015S,106,0.545216395420678,0.5452162180136177
016E,198,0.03799396641440447,0.037993966414404536
016E,199,0.05136264594707996,0.051362645947080045
016E,200,0.5501257372943564,0.5501257372943573
016E,201,0.2081837766828031,0.20818377668280344
016E,202,0.08574665486043469,0.08574665486043483
016E,204,0.06658721880091978,0.06658721880091988
016N,8,0.004435309715682373,0.004436108416814367
016N,15,0.017933421931851472,0.017936651344297432
016N,16,0.6447967614317706,0.6449128750599669
016N,17,0.11245086784849904,0.11247111776140294
016N,18,0.19039451283596304,0.1904287986745348
016N,20,0.02980908078717123,0.029814448742983706
016S,99,4.944266105942646e-06,4.942941942796919e-06
016S,100,0.2229142626760944,0.22285456223826042
016S,104,0.6786229254503895,0.6784411780588714
016S,106,0.09872575728951664,0.09869931676092544
017E,204,0.013728915528438699,0.013728915528438163
017E,206,0.05646600472243707,0.05646600472243486
017E,207,0.5562083019641387,0.556208301964117
017E,215,0.19231691115968874,0.19231691115968122
017E,216,0.15944667896830558,0.15944667896829934
017E,219,0.0034974866218632616,0.003497486621863125
017E,222,0.0003191474978679484,0.00031914749786793594
017E,223,0.01801655353729905,0.018016553537298346
017N,8,0.07994024128200466,0.07994024128201102
017N,14,0.17956727478809115,0.1795672747881054
017N,15,0.6235324319472302,0.6235324319472797
017N,16,0.107115131265859,0.10711513126586752
017N,67,0.0018606324788814031,0.001860632478881551
017N,68,0.007984288237854175,0.00798428823785481
017S,104,0.3439162408787743,0.3439005423453502
017S,105,0.457548666318156,0.45752778087519763
017S,106,0.009006898985826788,0.009006487853440557
017S,116,0.18957384228675972,0.18956518892601157
018E,206,0.5523714513592499,0.5523714513592559
018E,207,0.09934736836312845,0.09934736836312952
018E,216,0.3482811802776109,0.3482811802776147
018N,8,0.03089650990109746,0.0308965099010972
018N,10,0.13261660810763864,0.13261660810763753
018N,11,0.05279326108042179,0.052793261080421344
018N,13,0.01161072909843688,0.011610729098436783
018N,14,0.7007506595128504,0.7007506595128445
018N,15,0.07133223229956336,0.07133223229956276
018S,103,0.010749717246762257,0.01074914820429219
018S,104,0.04798133212185202,0.047978792202417776
018S,105,0.13108653546040838,0.1310795963191995
018S,106,0.6687293311414504,0.6686939315693814
018S,107,0.06369848605854762,0.06369511414252284
018S,108,0.06635528005317032,0.06635176749822616
018S,114,0.011452256295739073,0.011451650063960064
019E,204,0.08654595985320009,0.10006177070942182
019E,205,0.2450963343955968,0.2833728259021113
019E,206,0.5332830337721165,0.6165654033884669
019N,4,0.02379926763046009,0.023800766601443264
019N,7,0.15055564788436948,0.150565130468079
019N,19,0.636735437288599,0.6367755413774843
019N,20,0.18884666725108154,0.1888585615529934
019S,35,0.021128930554663142,0.021128930614164942
019S,36,0.008168702106882104,0.008168702129886225
019S,47,0.0034988988259521017,0.003498898835805453
019S,110,0.9320461158339152,0.9320461184586775
019S,111,0.03190672697919449,0.03190672706904796
019S,128,0.0032506228832637415,0.0032506228924179155
020E,204,0.5955213744941834,0.5955213744941851
020E,206,0.19592412183680624,0.1959241218368068
020E,208,0.14049550097898536,0.14049550097898578
020E,209,0.06805900269002223,0.06805900269002242
020N,8,0.06657662355234835,0.06657580988546125
020N,18,0.526376792453646,0.5263703593342821
020N,19,0.4070588056536219,0.4070538307802566
020S,36,0.028068846328854452,0.028067407623133107
020S,101,0.009080737351608756,0.009080271906444793
020S,103,0.2453675644130742,0.24535498777509565
020S,107,0.7118574406731263,0.7118209534815731
020S,108,0.0056766701789668465,0.005676379213753351
021E,207,0.12933794842974952,0.12933794741173626
021E,211,0.23461163982267297,0.23461163797605517
021E,212,0.2521629835476723,0.2521629815629087
021E,214,0.25355483243894233,0.2535548304432235
021E,215,0.1303326036319185,0.13033260260607638
021N,8,0.4470333036150821,0.44767558264148793
021N,17,0.5357609977881752,0.5365307571087065
021N,18,0.015771001125381646,0.015793660249805577
021S,36,0.1388403534780611,0.13885756029825494
021S,107,0.18619560937103724,0.18621868504241862
021S,108,0.5218463188443406,0.5219109925184724
021S,109,0.15299380124970868,0.15301276214085402
022E,204,0.04926570771754294,0.04926570771754186
022E,207,0.22288341825234728,0.22288341825234237
022E,208,0.27331254659532667,0.27331254659532067
022E,211,0.4545383274348051,0.4545383274347951
022N,8,0.12589779991567582,0.12589792626544788
022N,17,0.48157181819806066,0.48157230149871805
022N,18,0.3925293782972782,0.39252977223583396
022S,108,0.18642739922286722,0.18642616224950165
022S,109,0.13830966310607598,0.13830874540100593
022S,111,0.011443902921215162,0.011443826989226781
022S,112,0.6309036993997686,0.6308995132604154
022S,114,0.03292197054199368,0.03292175209985013
023E,208,0.34141923977136296,0.34141922182581086
023E,209,0.25140019382897255,0.2514001806149683
023E,211,0.36773829911928185,0.3677382797903571
023E,214,0.03944231984201628,0.03944231776886362
023N,18,0.041581850866008616,0.04158183260665076
023N,19,0.12201146586208,0.12201141228459435
023N,20,0.8262263429566525,0.8262259801454223
023N,54,0.010180779433900675,0.0101807749633326
023S,36,0.024416396583291318,0.024415947050905995
023S,108,0.013970451300342801,0.013970194089157863
023S,109,0.6328077088012055,0.6327960581238494
023S,111,0.0982966937961636,0.09829488404724832
023S,112,0.23052716094429965,0.23052291668883845
024E,209,0.20292818687080066,0.2029281869643406
024E,210,0.3631501150218264,0.36315011518922075
024E,211,0.433921697646422,0.4339216978464386
024N,21,0.8184669459672641,0.818324291170191
024N,29,0.13553830836900085,0.13551468470286349
024N,54,0.04616907117088697,0.04616102412694539
024S,110,0.053147951337633115,0.053147951337633156
024S,111,0.8806001951747305,0.8806001951747312
024S,112,0.04145047777658474,0.041450477776584775
024S,113,0.01133764931762198,0.01133764931762199
024S,128,0.013463726393428818,0.013463726393428828
025E,212,0.170465369213744,0.17046536922443523
025E,213,0.4453442426616347,0.44534424268956574
025E,225,0.11083174835900877,0.1108317483659599
025E,226,0.2733586397028947,0.27335863972003915
025N,21,0.10480574998996031,0.10480574320893804
025N,22,0.5467590199672884,0.546758984591509
025N,23,0.30455973915203605,0.30455971944675864
025N,28,0.016831433024097935,0.016831431935089725
025N,29,0.012647404335302152,0.0126474035170042
025N,54,0.014396718232180566,0.014396717300700499
025S,112,0.06808862268112402,0.06808862268112667
025S,113,0.7061027334709621,0.7061027334709895
025S,114,0.225808643847875,0.22580864384788377
026E,213,0.3409113942278541,0.34091415347024323
026E,214,0.03503008812209011,0.0350303716459197
026E,215,0.21069895937466399,0.21070066471367552
026E,224,0.39068449938752414,0.3906876614796388
026E,225,0.022666965230385118,0.022667148690522724
026N,23,0.08097383913451342,0.0809738136823201
026N,24,0.8709127439972996,0.8709124702466688
026N,25,0.02448585191086936,0.024485844214326338
026N,51,0.02362787928354446,0.023627871856684652
026S,108,0.07939943935407572,0.07939785402400024
026S,109,0.0036319572457061203,0.003631884728178272
026S,112,0.33928608818238626,0.3392793138217086
026S,113,0.06257093264771114,0.06256968332426271
026S,114,0.515131549483521,0.51512126410185
027E,212,0.0293102535510044,0.02931024637621271
027E,213,0.2462902915777093,0.24629023128885733
027E,214,0.3778472983004822,0.3778472058080835
027E,224,0.11214325968770984,0.11214323223641105
027E,225,0.210449655781944,0.21044960426644144
027E,227,0.023817554654289266,0.023817548824043105
027E,235,0.00014193123469394877,0.00014193119995091792
027N,23,0.22245887268589357,0.22245887268589123
027N,24,0.019904646967717512,0.019904646967717304
027N,25,0.757635512315379,0.7576355123153711
027N,26,9.680310203845123e-07,9.68031020384502e-07
027S,108,0.2668915637554667,0.2668915637554648
027S,114,0.7331084362445405,0.7331084362445353
028E,217,0.12942653232047874,0.12942653232047063
028E,218,0.29261348482306715,0.29261348482304883
028E,219,0.5779599828565166,0.5779599828564804
028N,22,0.082256472888045,0.08225646385799552
028N,23,0.8201251846483956,0.820125094615712
028N,26,0.03212570735670623,0.0321257038299719
028N,27,0.0652824791118752,0.06528247194521712
028N,28,0.00021026577418615654,0.00021026575110334888
028S,105,0.02270638397663028,0.022707174255345772
028S,106,0.24413155041229653,0.24414004722835803
028S,108,7.81488974979108e-07,7.815161741185198e-07
028S,113,0.020199928306146867,0.02020063134954696
028S,114,0.19653955291076902,0.19654639332294463
028S,115,0.4755280540427234,0.47554460444106583
028S,122,0.04085894582150786,0.04086036788656469
029E,216,0.09057807474476944,0.09057807474477163
029E,217,0.3509754743555299,0.3509754743555384
029E,219,0.368355797181988,0.36835579718199696
029E,220,0.1585349265564306,0.15853492655643442
029E,222,0.031555727161257895,0.03155572716125866
029N,30,0.0346295426626605,0.03617951121626857
029N,31,0.9048414979619874,0.9453409028054977
029N,32,0.017687900955770608,0.018479585978233803
029S,104,0.0008048058664253432,0.0008048020068566282
029S,105,0.26727152088620953,0.267270239145055
029S,115,0.11820168513055546,0.11820111827642948
029S,116,0.6137267837916244,0.6137238405716591
030E,216,0.4448133712445216,0.44481337124453246
030E,217,0.04433118675225502,0.0443311867522561
030E,219,0.06745793447426256,0.06745793447426421
030E,220,0.007921429263534103,0.007921429263534297
030E,222,0.2622554938450278,0.26225549384503416
030E,223,0.17322058442037455,0.17322058442037877
030N,29,0.033842904796102746,0.03384290479610313
030N,30,0.781194287585681,0.7811942875856899
030N,31,0.18496280761820497,0.18496280761820705
030S,99,0.08512423727307511,0.08513872973801774
030S,104,0.2775854862521206,0.27763274538837796
030S,117,0.610830255691326,0.610934249998354
030S,118,0.026289799017341714,0.02629427487525026
031E,215,0.2691822599033349,0.26918312299877034
031E,216,0.02802322158765894,0.028023311440217007
031E,223,0.21841444092288917,0.218415141238382
031E,224,0.48437687123563766,0.4843784243226307
031N,3,0.0078293919014717,0.007829391770812632
031N,4,0.007471746621409665,0.007471746496719081
031N,29,0.9573671940676919,0.9573671780908822
031N,30,0.0005739211121486468,0.0005739211025708919
031N,31,0.017066277516901852,0.017066277232095074
031N,32,0.00528308879695861,0.005283088708792957
031N,54,0.004408396671695825,0.004408396598127277
031S,99,0.27672458464040184,0.27673392731105784
031S,104,0.03800811704044902,0.038009400256106295
031S,117,0.20771379087967026,0.20772080363403544
031S,118,0.472349586922931,0.4723655342108485
031S,119,0.005170160034966326,0.005170334587951953
032E,220,0.22399303895479727,0.22399303895478445
032E,221,0.0008267060477358926,0.0008267060477358452
032E,237,0.38344828970964495,0.38344828970962297
032E,238,0.3917319652878793,0.39173196528785686
032N,22,0.00214515768879042,0.0021451583190407637
032N,23,0.0014954078175181476,0.001495408256871066
032N,27,0.2894681811145738,0.28946826616073223
032N,28,0.6422414023417988,0.6422415910332254
032N,29,0.0646495572359998,0.06464957623013057
032S,99,0.18917135151173137,0.18917135151172726
032S,117,0.11571047579975892,0.11571047579975641
032S,118,0.6951181726885314,0.6951181726885163
033E,237,1.0000000000000002,1.0
033N,27,0.9296364640558822,0.9296451341274514
033N,29,0.03817283896143205,0.03817319497290384
033N,32,0.0321813707664221,0.03218167089964463
033S,117,0.16917430236704567,0.16917430236703587
033S,118,0.04029628231731341,0.04029628231731107
033S,119,0.702374329533442,0.7023743295334013
033S,138,0.08815508578225692,0.08815508578225181
034E,218,0.6396826037818553,0.6817903030582929
034E,219,0.14746030049762093,0.1571670112192469
034E,220,0.01484128577877262,0.015818227147435106
034E,237,0.13625532568793297,0.14522445857502508
034N,23,0.009131925697847565,0.00913226856161768
034N,25,0.023089478366658096,0.02309034527533264
034N,26,0.7704927292364852,0.7705216578601657
034N,27,0.18184945916734865,0.18185628681720328
034N,28,0.0014709104179186896,0.001470965644155529
034N,29,0.000420815872065188,0.0004208316718560749
034N,32,0.005358384292706494,0.005358585476542314
034N,33,0.008148752743190327,0.008149058693126814
034S,111,0.03544447130597464,0.035444507552417535
034S,113,0.012601936937109134,0.012601949824179268
034S,121,0.05222769581602894,0.052227749225435945
034S,123,0.120600328678815,0.12060045200786366
034S,124,0.6316210534088358,0.631621699321036
034S,125,0.05595181931503061,0.05595187653282366
034S,128,0.02022758716226923,0.020227607847528625
034S,129,0.07132408475084177,0.07132415768871529
035E,218,0.05169138316061699,0.05169138316061409
035E,219,0.17061588809400954,0.17061588809399997
035E,220,0.5827726180862973,0.5827726180862646
035E,221,0.01740779055778019,0.01740779055777921
035E,222,0.15495228379971834,0.15495228379970963
035E,237,0.0225600363016338,0.022560036301632534
035N,29,3.126778769825503e-06,3.257034500699728e-06
035N,31,0.004002370537426429,0.004169101776813422
035N,32,0.7518899079536493,0.7832122293287948
035N,33,0.057227987795094463,0.05961199828174852
035N,34,0.146884481937231,0.1530034135781426
035S,113,0.04055299435518606,0.04055295609914996
035S,115,0.02466790857851054,0.024667885307814597
035S,121,0.10284039128739299,0.10284029427197441
035S,122,0.036954057531321506,0.036954022670375196
035S,123,0.7877190022626903,0.7877182591608043
035S,129,0.007266589344884685,0.007266582489881528
036E,221,0.4347479850512338,0.4420421102902511
036E,236,0.03544547235983169,0.036040170261693774
036E,238,0.13058122472917974,0.13277209355385447
036E,239,0.38272434415336315,0.38914562589420065
036N,27,0.003428014683521919,0.00342807295438733
036N,32,0.08828679581450069,0.08828829655136194
036N,33,0.7401246665582296,0.7401372475150848
036N,34,0.1620726044589577,0.16207535943867427
036N,35,0.0013250769086285202,0.0013250994328547357
036N,39,0.004385656635754133,0.004385731185028613
036N,40,0.00036018679999834456,0.0003601929226082174
036S,115,0.005257016463814709,0.005257014542955401
036S,120,0.01047015277184743,0.010470148946162168
036S,121,0.7924994707631359,0.7924991811920464
036S,122,0.1320664598904287,0.1320664116347136
036S,123,0.020561112777679913,0.020561105264862493
036S,124,0.003588726996179075,0.0035887256848954408
036S,136,0.03555742572667912,0.03555741273436444
037E,220,0.04924960451820514,0.04924960451820222
037E,221,0.35027294884652727,0.3502729488465065
037E,222,0.24039525552594598,0.24039525552593174
037E,223,0.35988338746007725,0.35988338746005594
037E,238,0.00019880364930354013,0.00019880364930352834
037N,34,0.2921473205155574,0.29214722506302854
037N,35,0.0006916165904392492,0.0006916163644691719
037N,36,0.5600591833959364,0.5600590004092663
037N,37,0.048657169953625234,0.04865715405599553
037N,44,0.02896668237113759,0.028966672906929322
037N,46,0.06947835390079182,0.06947833120031122
037S,106,0.023760664997869718,0.02376063956273392
037S,114,0.04147701232519454,0.04147696792519811
037S,115,0.26472517956282515,0.26472489618183004
037S,121,0.06518676437671417,0.06518669459608284
037S,122,0.5309624914139245,0.5309619230332384
037S,136,0.07388895779700579,0.07388887870091669
038E,221,0.263825106424941,0.2638249659400752
038E,222,0.09242221675131515,0.09242216753718654
038E,223,0.27892340481305977,0.27892325628846476
038E,224,0.06436644240130267,0.06436640812666086
038E,235,0.14508093317395968,0.14508085591946446
038E,236,0.1553824289281117,0.1553823461881482
038N,35,0.0357841802950581,0.03578425487917952
038N,36,0.8831309257045535,0.8831327663934739
038N,47,0.04730207470108034,0.04730217329167691
038N,48,0.02230258978190672,0.022302636266667602
038N,110,0.011478145245375151,0.011478169169002062
038S,120,0.8563168120260676,0.8563164585545529
038S,121,0.033842215390384386,0.03384220142095278
038S,124,0.004109864664627193,0.004109862968152164
038S,130,0.07269134735465861,0.07269131734903418
038S,135,0.0018416163189571948,0.0018416155587725287
038S,136,0.026129297563823737,0.02612928677813991
038S,137,0.005069259462890834,0.0050692573703956315
039E,223,0.061587963030541586,0.06158761203403014
039E,224,0.33158378850443665,0.3315818987722992
039E,227,0.048721769346703865,0.04872149167603202
039E,234,0.04770685588491612,0.047706583998346666
039E,235,0.4353276412390972,0.4353251602594399
039E,236,0.07507768113573672,0.07507725325985205
039N,34,0.11071185426825887,0.11200031733549527
039N,35,0.8622497391424828,0.8722845899808345
039N,36,8.36666633565091e-05,8.464037485656722e-05
039N,37,0.001977740831578706,0.0020007577527105668
039N,38,0.0013011931164179067,0.001316336384362678
039N,39,1.8522716806584615e-05,1.8738283935036238e-05
039N,110,0.0032553363891184585,0.0032932219501230343
039N,127,0.001425045001369777,0.0014416296558817123
039N,128,0.007472799936891548,0.007559768281800678
039S,120,0.0027049646570465827,0.0027049657382534208
039S,121,0.043805641342178826,0.04380565885181942
039S,124,0.5316033909081385,0.531603603396394
039S,125,0.4156613645202055,0.41566153066504163
039S,130,0.0062242388605886125,0.006224241348491587
040E,228,0.5035670427156584,0.5035701046446619
040E,231,0.013765538045616027,0.013765621746685825
040E,232,0.14050115407614813,0.14050200839051383
040E,233,0.28596422322389514,0.28596596202344865
040E,234,0.056195961496306485,0.056196303194689795
040N,26,0.006055473582752437,0.0060553838283458035
040N,33,0.03277750013996791,0.032777014310901735
040N,39,0.08728859114095049,0.08728729734689844
040N,40,0.8736832567048151,0.8736703069460193
040N,41,0.00021000068047103597,0.00020999756783480518
040S,125,0.9763676708457018,0.9859374218178905
040S,126,0.012777711875785894,0.01290295109078339
040S,129,0.0010399905501243954,0.001050183893139839
040S,130,0.00010838091560211388,0.00010944319818624702
041E,226,0.019203413754598254,0.019206586806576675
041E,227,0.6254217613333296,0.625525102113386
041E,228,0.3414680267642327,0.34152444880521654
041E,231,0.013741591700157003,0.013743862274820863
041N,26,0.07888308349959856,0.07888308341959058
041N,37,0.1069404272970053,0.10694042718853985
041N,40,0.04080039310441677,0.04080039306303455
041N,41,0.7627964108817296,0.7627964101080553
041N,42,0.010579686231510383,0.010579686220779826
041S,126,0.00045659060485391,0.00045868332888076874
041S,127,0.8178895475084205,0.8216382385440916
041S,128,0.17709140257091568,0.1779030781270276
042E,224,0.024852254127759734,0.024854808358641997
042E,225,0.07591811203509496,0.07592591464266876
042E,226,0.5365083052224795,0.5365634457370881
042E,227,0.2872024582713859,0.28723197597165595
042E,228,0.02420364068675089,0.024206128255330684
042E,229,0.01879987607566133,0.018801808263534846
042E,235,0.032412587514623815,0.0324159187710796
042N,34,0.0003234862145138294,0.00032348483823185586
042N,37,0.6769480408182378,0.6769451607221354
042N,38,0.021643709280585142,0.02164361719676337
042N,40,0.011269761653148929,0.011269713705603984
042N,41,0.2678517730116444,0.2678506334281004
042N,42,0.0031791273125576732,0.003179113786863484
042N,44,0.01878835625793676,0.018788276322301577
042S,35,0.0012896904422752334,0.0012896904972523092
042S,110,0.01785980814084489,0.01785980890217489
042S,111,0.0075928488486150395,0.007592849172283893
042S,124,0.017320738337359195,0.017320739075709666
042S,128,0.947225984699175,0.9472260250776356
042S,129,0.008710886903614917,0.008710887274943627
043E,226,0.5091392965168133,0.5092448800949537
043E,228,0.035495318585708605,0.03550267948432545
043E,229,0.37928644890453445,0.3793651040401515
043E,230,0.008632362706653811,0.008634152856714138
043E,231,0.06416904999912837,0.06418235715878218
043E,233,0.003070189679564366,0.0030708263650729407
043N,37,0.04668983892363273,0.04668983892363233
043N,38,0.8925989351948821,0.8925989351948743
043N,39,0.025289388952958135,0.025289388952957917
043N,40,0.03542183692853557,0.03542183692853527
043S,125,0.0063515346654407475,0.006351534665440814
043S,126,0.6277053168198876,0.6277053168198943
043S,127,0.13318906949803755,0.13318906949803896
043S,128,0.1178914876239337,0.11789148762393495
043S,129,0.1148625913926899,0.1148625913926911
044E,229,0.03521235944022807,0.03521238450144431
044E,230,0.7087371324539157,0.7087376368738074
044E,231,0.00597812258311266,0.0059781268378409766
044E,232,0.029315897887899043,0.029315918752506474
044E,244,4.699499447341629e-05,4.699502792052798e-05
044E,246,0.08572483904565367,0.08572490005743372
044E,247,0.006971381906803148,0.006971386868450486
044E,249,0.0680076132518362,0.0680076616539748
044E,250,0.06000494672011227,0.060004989426621275
044N,33,0.042672390952075395,0.04267238279259718
044N,38,0.0016213292552389894,0.00162132894522119
044N,39,0.9416768182787821,0.9416766382187641
044N,40,0.014029652726057077,0.014029650043417477
044S,121,0.025852801030164494,0.025852820236714532
044S,123,0.062472224691542885,0.06247227110337687
044S,124,0.023199063647930222,0.02319908088296701
044S,128,0.0391218262066995,0.0391218552710671
044S,129,0.849353341504714,0.8493539725058745
045E,230,0.017641749062031017,0.017641750321728166
045E,232,0.1976545380648257,0.19765455217821418
045E,239,0.28692665508109544,0.286926675568899
045E,244,0.018980816165829962,0.01898081752114229
045E,245,0.23250914867630923,0.23250916527846757
045E,246,0.22467059631960049,0.22467061236205232
045E,247,0.021616425225990266,0.021616426769496475
045N,25,0.01912991377612024,0.01912483122441855
045N,26,0.252213265642263,0.2521462560897119
045N,41,0.004892297079130792,0.004890997263923274
045N,42,0.39256734075114497,0.39246304107530156
045N,43,0.29626924448290376,0.2961905298702648
045N,44,0.035193694951047766,0.0351843444763799
045S,125,0.03466062056039263,0.034792908677357466
045S,126,0.9477803223857237,0.9513976861869942
045S,127,0.01375689960301989,0.013809405135648392
046E,230,0.030980961573911118,0.03098096157391234
046E,231,0.35365106085225234,0.3536510608522663
046E,232,0.19508963890498726,0.19508963890499495
046E,233,0.42027833866880987,0.4202783386688264
046N,24,0.19159871894137265,0.19201779839666158
046N,25,0.016176830423940306,0.016212213631718646
046N,26,0.00044885566864925897,0.0004498374402924109
046N,42,0.7519929026073696,0.7536377193250757
046N,43,0.018183686428024613,0.01822345918561666
046N,50,0.019416502752353723,0.019458972020635013
046S,119,0.04811480480438106,0.048114804804373
046S,134,0.4818224933021685,0.4818224933020878
046S,135,0.38339372869786326,0.3833937286977991
046S,138,0.08666897319575474,0.08666897319574023
047E,229,0.49825354879400174,0.4982467858313317
047E,230,0.35365813584505357,0.3536533355244608
047E,231,0.14741117063151576,0.14740916977021423
047E,233,0.0006907182493439554,0.0006907088739932988
047N,41,2.919645026376251e-05,2.9196449388561946e-05
047N,42,0.026458365575749626,0.026458364782626618
047N,43,0.8103227818740123,0.810322757583561
047N,44,0.12129232877731451,0.12129232514142338
047N,49,0.041897357298926866,0.04189735604300053
047S,120,0.07359145421978533,0.07363804273531666
047S,124,0.000983587906627529,0.0009842105862708404
047S,125,0.004952683616078045,0.004955819009718729
047S,130,0.8116361874602168,0.8121500096903408
047S,131,0.008687128582655699,0.008692628140032115
047S,133,0.025284672517301585,0.025300679475864445
047S,134,0.04366219163734677,0.04368983284534835
047S,135,0.0305694249422228,0.030588777517108073
048E,232,0.7805747346547045,0.7805747346547134
048E,233,0.17412009880492876,0.17412009880493073
048E,239,0.04530516654035536,0.04530516654035587
048N,37,0.11101482462301761,0.11101481304035728
048N,43,0.031070812577259403,0.031070809335506155
048N,44,0.8579144671340908,0.8579143776241366
048S,130,0.01748064964906862,0.01946193310365535
048S,131,0.41243762990876054,0.4591839390329601
048S,132,0.03905996329578525,0.04348707902479522
048S,133,0.4224471699392316,0.4703279755752043
048S,156,0.00677157287993873,0.007539073263385043
049E,232,0.10484276508064591,0.10484276508064619
049E,233,0.03301154327614675,0.03301154327614684
049E,234,0.09376977830810562,0.09376977830810587
049E,236,0.421610953765062,0.42161095376506313
049E,239,0.346764959570037,0.34676495957003795
049N,34,0.025335772176696213,0.025335766972184686
049N,36,0.012108885435599806,0.012108882948174778
049N,43,0.04920801981250391,0.04920800970412022
049N,44,0.01623576690120032,0.01623576356602524
049N,45,0.5159988496487642,0.5159987436515228
049N,46,0.2635501972664085,0.26355014312753994
049N,48,0.11357421684989144,0.11357419351930903
049N,49,0.003988497330446277,0.003988496511123298
049S,131,0.31384303972867594,0.3138430397286845
049S,132,0.6861569602712967,0.6861569602713155
050E,228,0.011257879437146547,0.011257879437145967
050E,234,0.38739411218862707,0.3873941121886071
050E,235,0.005555365763800341,0.005555365763800055
050E,236,0.5957926426104775,0.5957926426104468
050N,45,0.04926012425418222,0.049260123555099726
050N,48,0.8054190931681049,0.8054190817378782
050N,49,0.05267628426132516,0.05267628351376172
050N,50,0.01881994890575843,0.018819948638672285
050N,58,0.04049314551802014,0.040493144943355555
050N,59,0.03333141808426028,0.03333141761123243
050S,133,0.7437874526571085,0.8780369579559711
050S,153,0.007138310192262657,0.008426735546250015
050S,156,0.09617690853317616,0.11353630649777888
051E,227,0.00901269283948298,0.009012695147039248
051E,228,0.33894116982974537,0.33894125661022645
051E,234,0.26529429993613884,0.2652943678605134
051E,235,0.08022321075856953,0.08022323129844325
051E,236,0.3065283706020769,0.3065284490837777
051N,36,0.010437394899433372,0.01043739489943327
051N,46,0.35221703439108126,0.3522170343910778
051N,47,0.6180680514622873,0.6180680514622813
051N,48,0.019277519247207733,0.019277519247207546
051S,105,0.1457202047622332,0.1457202098585388
051S,115,0.053611521189844545,0.053611523064812365
051S,116,0.1540073149368105,0.15400732032294306
051S,136,0.5148947252562684,0.5148947432637978
051S,137,0.13176619888161897,0.13176620348990797
052E,239,2.569663330838541e-05,2.848931303829857e-05
052E,240,0.44145480268928416,0.4894315887665822
052E,241,0.3959127564428678,0.4389400867729948
052E,242,0.05074585498624346,0.05626085451542106
052E,243,0.013835369076611991,0.015338980631963614
052N,36,0.03463478917447819,0.034634789174477106
052N,45,0.3131507841758513,0.31315078417584147
052N,46,0.6477811586553572,0.6477811586553369
052N,47,0.0033025302886020825,0.0033025302886019793
052N,48,0.001130737705742599,0.0011307377057425637
052S,104,0.0469432074191464,0.046945683795211635
052S,105,0.06117304094912638,0.06117626798585379
052S,117,0.11543204736666102,0.1154381367068441
052S,119,0.1342956162173217,0.1343027006597352
052S,137,0.6421033382342358,0.6421372108523553
053E,238,0.00653365730011136,0.008771292148656436
053E,239,0.2530764931759001,0.3397496617346983
053E,240,0.3361664250088513,0.45129607949773914
053E,243,0.12156360969097685,0.16319648954141308
053E,245,0.02755089693367249,0.036986477077493085
053N,22,0.07178458113468543,0.07178458438573462
053N,23,0.009206732214281897,0.009206732631245244
053N,24,0.016403430627393092,0.016403431370287443
053N,51,0.7963596875035631,0.796359723569867
053N,52,0.09232684742021942,0.09232685160160653
053N,53,0.013918675810896777,0.01391867644125916
053S,118,0.20269075669925427,0.20269075669924577
053S,119,0.11182044956302205,0.11182044956301736
053S,138,0.6854887937377657,0.685488793737737
054E,238,0.30968464193124157,1.0
054N,24,0.05729211206164232,0.057292099039366134
054N,42,0.00015926649809674652,0.00015926646189608554
054N,50,0.5521388944539837,0.5521387689549416
054N,51,0.3550696037806436,0.3550695230746916
054N,58,0.03534035050183001,0.035340342469104585
054S,119,0.14078062639455394,0.14078062639455552
054S,120,0.00021733024516547175,0.00021733024516547422
054S,134,0.05464656461804039,0.05464656461804101
054S,135,0.5935086900655445,0.5935086900655513
054S,137,0.1376909896690035,0.13769098966900506
054S,138,0.07315579900768081,0.07315579900768164
055E,237,0.42161884165931096,0.5756012150383809
055E,238,0.3108654385053817,0.424398784961619
055N,43,0.03109429364486403,0.031094294166302338
055N,49,0.6617848586119902,0.6617848697098457
055N,50,0.3071208309735639,0.3071208361238519
055S,74,0.03490638139141786,0.034906381391417586
055S,142,0.920106377743461,0.9201063777434539
055S,143,0.041984967501146685,0.04198496750114636
055S,201,0.0030022733639821653,0.003002273363982142
056E,241,0.48347088396066806,0.6483980659313874
056E,242,0.15686428931596116,0.21037565069677555
056E,248,0.10530382437551408,0.14122628337183699
056N,42,0.2073132190887798,0.20731322334417793
056N,43,0.01520668959177199,0.01520668990391088
056N,49,0.48734063040570597,0.4873406404090642
056N,50,0.2697927937272485,0.2697927992651286
056N,51,0.020346646660074606,0.02034664707771841
056S,74,0.05644182317987125,0.0564418237612132
056S,142,0.3095917255624484,0.30959172875119473
056S,143,0.2421772615193233,0.2421772640137112
056S,197,0.15866069862955656,0.15866070026373694
056S,200,0.10041301942276491,0.1004130204570033
056S,201,0.08970200679633723,0.08970200772025387
056S,211,0.04259625274480684,0.04259625318354158
056S,212,0.0004172018450481042,0.00041720184934521793
057E,241,0.089829602705047,0.08982960270504557
057E,242,0.5937201045222438,0.5937201045222343
057E,244,0.013766332310155756,0.013766332310155536
057E,247,0.03156961097329892,0.03156961097329841
057E,248,0.2711143494892706,0.27111434948926627
057N,4,0.022103242551536218,0.02210446799326805
057N,20,0.1428619925208261,0.1428699130350728
057N,21,0.014598509701705413,0.014599319068157838
057N,54,0.8203808165819347,0.8204262999035012
057S,142,0.1030070181541819,0.10300701815417967
057S,143,0.43452513348264576,0.4345251334826364
057S,144,0.4475271304598774,0.44752713045986775
057S,146,0.014783924120276806,0.014783924120276487
057S,174,0.00015679378303959507,0.00015679378303959168
058E,240,0.03755805691303463,0.03755805691303301
058E,242,0.1721230292329322,0.17212302923292475
058E,243,0.3699472221916622,0.36994722219164616
058E,244,0.19258745607966457,0.19258745607965624
058E,245,0.22778423558274968,0.22778423558273983
058N,21,0.005444387295601044,0.005444387312702311
058N,52,0.008437360203484444,0.008437360229986885
058N,53,0.49060576830002406,0.490605769841057
058N,54,0.45864919087373524,0.45864919231439
058N,55,0.001706732299116984,0.0017067323044779703
058N,57,0.035156557886956194,0.035156557997385825
058S,142,0.192867830803541,0.22048377386031032
058S,144,0.13185844662239185,0.1507387095377104
058S,145,0.3990086996752108,0.4561410969416599
058S,146,0.15093822703321275,0.17255044440234382
058S,174,7.520672028693791e-05,8.597525797555862e-05
059E,242,0.07293992719068981,0.0729399271906882
059E,243,0.009502261602352987,0.009502261602352778
059E,244,0.7573304652616178,0.7573304652616012
059E,245,0.002180781175150196,0.002180781175150148
059E,247,0.15804656477021112,0.15804656477020765
059N,22,0.020383429633166084,0.02038342963316783
059N,23,0.003736330951003894,0.0037363309510042137
059N,52,0.6070831976802403,0.6070831976802923
059N,53,0.36879704173550415,0.36879704173553574
059S,144,0.23202350039941488,0.23202350039940875
059S,145,0.3307195058117311,0.3307195058117224
059S,146,0.2550822926480366,0.2550822926480299
059S,147,0.007442668337357892,0.007442668337357695
059S,148,0.013144131247551928,0.013144131247551582
059S,173,0.0012557079412909484,0.0012557079412909152
059S,174,0.16033219361464307,0.16033219361463882
060E,10,0.0009915406255613518,0.0011281283461370196
060E,249,0.05186564978929985,0.05901029994106309
060E,250,0.8260681809372754,0.9398615717127998
060N,23,0.06470373964812048,0.06470373964811532
060N,52,0.6145378874309653,0.6145378874309163
060N,53,0.2663568145159099,0.2663568145158887
060N,54,0.05440155840508402,0.05440155840507968
060S,145,0.5050982430634001,0.6962338153340073
060S,147,0.22037390715252564,0.3037661846659926
061E,248,0.4193844438141004,0.9814463873195787
061E,249,0.0030440669427046125,0.0071237465951424234
061E,250,0.004884126217159789,0.01142986608527884
061N,16,0.060941268057696917,0.06094126160523778
061N,20,0.03650236767399006,0.036502363809120766
061N,54,0.01095947393542545,0.010959472775036769
061N,55,0.49042262609758797,0.4904225741716591
061N,56,0.036553219212886054,0.0365532153426326
061N,57,0.3646211509023866,0.3646211122963131
061S,148,0.31372198626197795,0.37625131305288906
061S,149,0.030343571919559408,0.03639148442696405
061S,150,0.45505706008099894,0.5457565101174869
061S,151,0.0010071555290743417,0.001207896184701113
061S,154,0.03367990441641883,0.04039279621795891
062E,247,0.1838868566805877,0.18808537163255934
062E,248,0.22616248382705492,0.2313262382522681
062E,249,0.45081951935013986,0.46111265572105503
062E,250,0.11680875049793528,0.11947573439411754
062N,15,0.03267196195348258,0.032671961953480926
062N,16,0.1441280902003589,0.1441280902003516
062N,55,0.5958039215151715,0.5958039215151413
062N,56,0.22739602633103767,0.22739602633102615
062S,145,0.03786622007337596,0.038340802143514145
062S,147,0.19105121819533158,0.19344568699781214
062S,148,0.423765270221529,0.42907637333149595
062S,149,0.07501601047987189,0.07595619551756666
062S,172,0.2599232909095553,0.26318094200961106
063E,244,0.30573706656201466,0.3057370665620057
063E,245,0.10205222876681364,0.10205222876681064
063E,246,0.13043999073485815,0.13043999073485432
063E,247,0.4617707139363428,0.46177071393632924
063N,14,0.10830433785444672,0.10830433785445462
063N,15,0.09305075493895261,0.0930507549389594
063N,55,0.00655272440891886,0.006552724408919338
063N,56,0.7919012599948458,0.7919012599949036
063N,65,0.00019092280276300085,0.00019092280276301478
063S,149,0.5430438873219833,0.5430438873219703
063S,172,0.4165408756337352,0.4165408756337252
063S,173,0.040415237044305566,0.040415237044304594
064E,246,0.050621062212686,0.050621062212686564
064E,247,0.0033937598820129255,0.003393759882012963
064E,249,0.3973429261528006,0.397342926152805
064E,250,0.5486422517524894,0.5486422517524955
064N,53,0.008265679913720283,0.00826567991372035
064N,56,0.13595600781265377,0.13595600781265488
064N,57,0.8385387315438076,0.8385387315438145
064N,64,0.017239580729810154,0.017239580729810296
064S,151,0.05622350684718871,0.06366651264878466
064S,152,0.14189763921641813,0.16068239689421812
064S,153,0.6403684992549001,0.7251420525671806
064S,154,0.0446042215836244,0.05050903788981658
065N,50,0.014623749945985177,0.014623927580270184
065N,51,0.04376264106788888,0.04376317265147618
065N,53,0.028168450470015767,0.02816879263140238
065N,58,0.6824126937166336,0.6824209829646976
065N,59,0.012164683541118746,0.012164831305192336
065N,60,0.1789724805002249,0.17897465447398178
065N,61,0.039883153933414926,0.039883638392979606
065S,151,0.13062135134267167,0.2011819648343755
065S,152,0.42867533146184844,0.6602423307754298
065S,153,0.08997300421840278,0.13857570439019468
066N,58,0.02438798143462442,0.024387981884250405
066N,60,0.8317263967127442,0.8317264120467643
066N,61,0.1304370786308837,0.13043708103567064
066N,62,0.013448524785372585,0.013448525033314639
066S,150,0.23923934155704485,0.3057992485018977
066S,151,0.5383409584027218,0.6881153385806751
066S,152,0.004760869055762184,0.006085412917427185
067N,58,0.04925808949067579,0.04925808949067526
067N,59,0.7967602217876111,0.7967602217876026
067N,60,0.055037521282726036,0.055037521282725446
067N,92,0.009444729569775717,0.009444729569775616
067N,93,0.08949943786922213,0.08949943786922117
067S,148,0.01901683647914653,0.019016836479147287
067S,149,0.14996751891778312,0.1499675189177891
067S,150,0.009938698302172306,0.009938698302172701
067S,151,0.10762560522331682,0.10762560522332111
067S,153,0.06968796708093791,0.06968796708094069
067S,154,0.5186811496774352,0.5186811496774558
067S,155,0.03854479829813563,0.038544798298137166
067S,156,8.130531780028618e-05,8.130531780028942e-05
067S,160,0.010968654044219336,0.010968654044219773
067S,166,0.030375213040359172,0.030375213040360383
067S,172,0.04511225361865385,0.045112253618655646
068N,53,0.017850849580158465,0.017853136593823156
068N,57,0.20791813478852775,0.20794477282686105
068N,60,0.015553647608510624,0.015555640309443805
068N,61,0.7287854723238282,0.728878842800474
068N,62,0.02976379419408415,0.02976760746939798
068S,148,0.2914107631854018,0.29141076318540376
068S,149,0.0008170814993763614,0.0008170814993763669
068S,154,0.12636522736075545,0.12636522736075628
068S,155,0.5770431538754729,0.5770431538754768
068S,156,0.004363774078986805,0.004363774078986834
069N,57,0.2253121129000665,0.22531214584438575
069N,61,0.013923246510674848,0.013923248546481411
069N,62,0.677446015366583,0.6774461144202802
069N,64,0.08331847900632701,0.08331849118885257
069S,131,0.0008134458915177056,0.0008134458915176918
069S,133,0.10042481167149413,0.10042481167149243
069S,153,0.002791861485879896,0.0027918614858798486
069S,154,0.06052489152595011,0.06052489152594909
069S,155,0.09511433225924713,0.09511433225924552
069S,156,0.7322936909079066,0.7322936909078943
069S,157,0.008031175822052415,0.00803117582205228
069S,159,5.790435968835341e-06,5.790435968835244e-06
070N,61,0.1145318939532941,0.1145318939532922
070N,62,0.5707171616713088,0.5707171616712993
070N,63,0.2128479547812037,0.21284795478120014
070N,64,0.10190298959421001,0.10190298959420832
070S,154,0.04332836922925779,0.04332836922925846
070S,155,0.016561088499399333,0.01656108849939959
070S,156,0.05823078191816821,0.05823078191816911
070S,159,0.6595085048178642,0.6595085048178744
070S,160,0.22237125553529502,0.22237125553529846
071N,63,0.5719366940196167,0.5719367486696042
071N,64,0.14430468730834076,0.14430470109701607
071N,65,0.04094000454563185,0.04094000845755211
071N,66,0.24281851857390827,0.24281854177582757
071S,154,0.04378023500800965,0.045780865019086396
071S,160,0.6814469371611883,0.7125870896339098
071S,161,0.11294578214173512,0.11810707744624756
071S,163,0.014258740169215862,0.014910323320778658
071S,166,0.010081234875629532,0.010541918127722812
071S,167,0.04057098107804661,0.04242495747421527
071S,168,0.03796238809758642,0.0396971593455315
071S,169,0.015253565828017526,0.01595060963250792
072N,14,0.06014689383818129,0.06014689383817651
072N,56,0.12080255705786642,0.12080255705785682
072N,64,0.4634883480724377,0.46348834807240086
072N,65,0.33533605713939024,0.3353360571393636
072N,67,0.020226143892203837,0.02022614389220223
072S,157,0.004716860067086951,0.005116313492930327
072S,158,0.7983639280200829,0.8659744149926907
072S,159,0.008883718977044862,0.009636048265838444
072S,160,0.1099610304550682,0.11927322324854057
073N,65,0.2012872379351025,0.20128723793509715
073N,66,0.43387206013005797,0.4338720601300464
073N,67,0.2934978108295618,0.29349781082955395
073N,68,0.009260994297052008,0.009260994297051761
073N,69,0.06208189680825241,0.062081896808250756
073S,156,0.08403500415027827,0.08403500415027822
073S,157,0.5188772469743389,0.5188772469743386
073S,158,0.2809505893393275,0.2809505893393273
073S,159,0.11613715953605595,0.11613715953605587
074N,65,0.1186211506849684,0.1186211506849664
074N,66,0.8813788493150485,0.8813788493150336
074S,164,0.02065769955983265,0.02065769955983267
074S,170,0.0006078895625256982,0.0006078895625256989
074S,171,0.9777587905322349,0.9777587905322359
074S,176,0.0009756203454058074,0.0009756203454058084
075N,56,0.005342724388330252,0.0053427243883301416
075N,63,0.0027027574096365175,0.0027027574096364615
075N,64,0.6892215656140871,0.6892215656140729
075N,65,0.2839689182952234,0.28396891829521753
075N,66,0.018764034292743238,0.01876403429274285
075S,162,0.07170480773214596,0.07170480773214802
075S,164,0.4084442455359357,0.40844424553594744
075S,168,0.014145083552142975,0.01414508355214338
075S,170,0.45436214095323096,0.45436214095324395
075S,171,0.051343722226515676,0.05134372222651715
076N,13,0.006165506176017885,0.006165506176017025
076N,14,0.0019206537072353079,0.00192065370723504
076N,67,0.1331189526889561,0.13311895268893753
076N,68,0.7747410523918274,0.7747410523917194
076N,69,0.08405383503610268,0.08405383503609096
076S,161,0.03283256571739974,0.03283256571739729
076S,162,0.2970334629748225,0.2970334629748004
076S,167,0.3356256798989396,0.33562567989891456
076S,168,0.29998580842130046,0.2999858084212781
076S,170,0.03452248298761233,0.03452248298760976
077N,13,0.206983614452705,0.20698361445269545
077N,14,0.1425832086683082,0.14258320866830163
077N,68,0.650433176879033,0.6504331768790029
077S,161,0.14125627905816815,0.1412562903741234
077S,162,0.11979030060095366,0.11979031019728234
077S,163,0.15022900856715898,0.15022902060191418
077S,168,0.47010471585279434,0.4701047535125994
077S,169,0.09954798531230641,0.09954799328703542
077S,170,0.019071630499228512,0.01907163202704532
078N,12,0.2421296178220866,0.24212961782209805
078N,13,0.010315401310642415,0.010315401310642902
078N,66,0.021106532493164753,0.02110653249316575
078N,67,0.0029395217094043864,0.002939521709404525
078N,68,0.01818926682310745,0.018189266823108306
078N,69,0.6591608225367203,0.6591608225367513
078N,70,0.04615883730482694,0.04615883730482912
078S,160,0.16909591888669198,0.16909591888669115
078S,161,0.513041463383707,0.5130414633837045
078S,162,0.03015461805358937,0.030154618053589224
078S,163,0.2250895969791619,0.22508959697916078
078S,167,0.06128024763080426,0.06128024763080396
078S,168,0.0013381550660503325,0.001338155066050326
079N,66,0.22602701469449102,0.22602809781041303
079N,69,0.3440141824871783,0.34401583099472044
079N,70,0.4299540108657703,0.42995607119486645
079S,164,0.4647398951866166,0.4647398951866116
079S,166,0.0013635684100879004,0.0013635684100878856
079S,171,0.2453871556206298,0.24538715562062713
079S,172,0.2885093807826765,0.28850938078267335
080N,12,0.253359770822594,0.2533597833450799
080N,72,0.18990448802093954,0.18990449740710322
080N,73,0.40469402316728015,0.4046940431695686
080N,74,0.1520416685634812,0.15204167607824823
080S,149,0.0009725011908450678,0.0009725011908450585
080S,164,0.35465422681150216,0.3546542268114988
080S,165,0.11598581253063465,0.11598581253063354
080S,166,0.4769091750021817,0.47690917500217717
080S,172,0.051478284464845994,0.0514782844648455
081N,12,0.08185156194759541,0.08185156276769769
081N,69,0.23200298940787908,0.23200299173240624
081N,70,0.09040945570167484,0.09040945660752195
081N,71,0.321243528903836,0.32124353212249845
081N,72,0.27449245401963024,0.2744924567698757
081S,162,0.09372055242596897,0.09372055242596913
081S,164,0.027219576329989253,0.027219576329989302
081S,165,0.12178054049830457,0.12178054049830479
081S,166,0.4004936772630695,0.4004936772630702
081S,167,0.3567856534826659,0.3567856534826665
082N,63,0.03467554643863471,0.034677100780525445
082N,66,0.022522707064228906,0.022523716651407136
082N,69,0.01763591530934975,0.017636705844604767
082N,70,0.44436336961634876,0.4443832883392252
082N,71,0.4532221350952279,0.45324245091495496
082N,83,0.01568439739077117,0.015685100448643338
082N,85,0.011762974711991763,0.011763501990902474
082N,89,8.813107923430804e-05,8.813502973667637e-05
082S,164,0.023600098372507834,0.023600098372508427
082S,170,0.429660786027674,0.42966078602768476
082S,171,0.0669840030270348,0.06698400302703648
082S,176,0.17732031107021706,0.1773203110702215
082S,177,0.011571852821997549,0.011571852821997838
082S,178,0.2908629486805437,0.29086294868055096
083N,11,0.005371436774281731,0.005371453775392913
083N,12,0.002358975667291442,0.002358983133675071
083N,73,0.7572703059907491,0.7572727028237023
083N,74,0.013011739035374696,0.013011780218773347
083N,226,0.09733756065269919,0.09733786873538923
083N,229,0.06113309849383624,0.06113329198594051
083N,230,0.06351371830013297,0.06351391932712663
083S,169,0.1619919356959614,0.16199193569596246
083S,170,0.2528515858310802,0.25285158583108186
083S,178,0.5136524438307258,0.5136524438307292
083S,179,0.07150403464222602,0.07150403464222649
084N,73,0.0825728159989803,0.08257281599897887
084N,74,0.5347167154770925,0.5347167154770833
084N,211,0.00959277831262755,0.009592778312627384
084N,212,0.1743197797053641,0.17431977970536108
084N,213,0.1737818771100983,0.1737818771100953
084N,226,0.025016033395854634,0.0250160333958542
084S,168,0.03383716816095473,0.033837168160955805
084S,169,0.8212296841273158,0.8212296841273419
084S,170,0.07816176450168745,0.07816176450168993
084S,179,0.06677138321001022,0.06677138321001234
085N,74,0.767512707932958,0.7675127621872708
085N,75,0.026978519479543554,0.0269785213866143
085N,142,0.2055087018990155,0.20550871642611487
085S,168,0.004819776985381354,0.0048197769853813525
085S,169,0.21119272838992653,0.21119272838992645
085S,170,0.7488142909059561,0.7488142909059557
085S,178,0.035173203718736494,0.03517320371873648
086N,74,0.19420717761168702,0.19420717761169431
086N,75,0.7782195375338374,0.7782195375338667
086N,142,0.027573284854437847,0.027573284854438884
086S,144,0.0009405091830221549,0.0009405091830221344
086S,145,0.10733264511898832,0.10733264511898599
086S,146,0.19480766541258207,0.19480766541257782
086S,148,0.003963417280487122,0.003963417280487036
086S,172,0.12920193122427867,0.12920193122427587
086S,173,0.45320396903317445,0.45320396903316457
086S,174,0.10403704530203056,0.1040370453020283
086S,175,0.0065128174454585006,0.006512817445458359
087N,74,0.16280597478874576,0.16280853788256752
087N,75,0.2782003177915448,0.2782046975664067
087N,78,0.22178100479528287,0.22178449634726008
087N,79,0.337196959630508,0.33720226820376564
087S,171,0.3595045374366016,0.359504537527166
087S,173,0.13202927344991802,0.1320292734831781
087S,175,0.41247811029297216,0.41247811039688137
087S,176,0.09115295482017363,0.09115295484313639
087S,178,0.004835123748420086,0.0048351237496381235
088N,75,0.055677318196448645,0.055677318196449554
088N,76,0.2259021018986252,0.2259021018986289
088N,77,0.3190441070931026,0.3190441070931078
088N,78,0.07237341458101207,0.07237341458101325
088N,142,0.3270030582307952,0.3270030582308005
088S,171,0.0315804922488186,0.03158049224881595
088S,172,0.45038915900570853,0.4503891590056707
088S,173,0.5180303487455568,0.5180303487455132
089N,72,0.5662388035956502,0.5665552096167651
089N,73,0.0013100259575549954,0.0013107579810372348
089N,74,0.19327803594307913,0.19338603690298037
089N,80,6.495958924980447e-05,6.499588772500128e-05
089N,81,0.23854970150226493,0.2386829996114923
089S,143,0.05993070167684765,0.059930701676849725
089S,144,0.00014283708409943,0.00014283708409943495
089S,174,0.2879066206685086,0.2879066206685186
089S,187,0.47389073547420923,0.47389073547422567
089S,188,0.027477971401413958,0.02747797140141491
089S,189,0.15065113369488647,0.1506511336948917
090N,74,0.6209499700483533,0.6209499746972069
090N,75,0.01244539507618453,0.012445395169359219
090N,77,0.001146127488026869,0.0011461274966075585
090N,78,0.07842137243162399,0.07842137301873969
090N,79,0.2562657195832797,0.2562657215018591
090N,81,0.030771407885851927,0.030771408116227604
090S,173,0.03933630696317601,0.039336306963175936
090S,174,0.4883744337664481,0.4883744337664471
090S,175,0.37039139272680927,0.37039139272680854
090S,177,0.09895575825037813,0.09895575825037793
090S,187,0.0029421082931904235,0.0029421082931904174
091N,74,0.019311667354518593,0.01931166858493126
091N,78,0.03162839431312301,0.031628396328276666
091N,79,0.5690237199708169,0.5690237562252729
091N,80,0.18069432483049175,0.1806943363431479
091N,81,0.1993418298176185,0.19934184251837125
091S,175,0.2139079622352762,0.21390796223527098
091S,176,0.21267886882422576,0.21267886882422057
091S,177,0.5734131689405225,0.5734131689405085
092N,71,0.24713612130046267,0.2471361213004727
092N,72,0.0637241095809689,0.06372410958097148
092N,73,0.001670205548523428,0.0016702055485234956
092N,80,0.12711705230713674,0.1271170523071419
092N,81,0.13916935572119804,0.13916935572120367
092N,82,0.02857805062023131,0.02857805062023247
092N,83,0.3926051049214384,0.39260510492145434
092S,174,0.11003522494796499,0.1100352249479645
092S,177,0.35084596773686105,0.3508459677368595
092S,187,0.4564276849695224,0.45642768496952035
092S,188,0.0005101957409431987,0.0005101957409431964
092S,189,0.0821809266047128,0.08218092660471243
093N,77,0.003670210617481113,0.0038454814767068363
093N,78,0.0006312821010299308,0.000661428969368858
093N,79,0.10419665972076253,0.10917256981996062
093N,80,0.1923121654152812,0.20149603031702598
093N,82,0.4053385006602222,0.42469543536843835
093N,83,0.24827279025193055,0.26012905404849934
093S,170,0.008826486672005494,0.008826486672005614
093S,176,0.004028396986454714,0.004028396986454769
093S,177,0.28692000993260036,0.2869200099326043
093S,178,0.3997608587530638,0.3997608587530692
093S,179,0.05719096702308967,0.057190967023090455
093S,180,0.002348032469689012,0.002348032469689044
093S,186,0.17038619082755369,0.17038619082755602
093S,187,0.0705390573355296,0.07053905733553056
094N,83,0.4963375743672472,0.4963375743672225
094N,84,0.423890400110859,0.4238904001108379
094N,85,0.07977202552194367,0.0797720255219397
094S,178,0.17278695880429026,0.17278695880429062
094S,179,0.39020000985978953,0.39020000985979036
094S,180,0.2551337279576817,0.25513372795768224
094S,181,0.01697341247857585,0.016973412478575884
094S,186,0.12790620344823822,0.1279062034482385
094S,187,0.03699968745142234,0.03699968745142242
095N,71,0.15488235521760935,0.15488234730263925
095N,83,0.04165441105600326,0.04165440892733329
095N,84,0.19749031779583606,0.19749030770346654
095N,85,0.28970858068202265,0.28970856587701305
095N,86,0.26787118339016186,0.2678711697011112
095N,141,0.04839320296147985,0.048393200488436657
095S,180,0.06487185770894198,0.0648718577089433
095S,181,0.14383964790666187,0.1438396479066648
095S,182,0.008170083914569437,0.008170083914569604
095S,183,0.23704723817651038,0.2370472381765152
095S,184,0.0015751031562307705,0.0015751031562308026
095S,185,0.3623905428261451,0.36239054282615246
095S,186,0.18210552631092009,0.1821055263109238
096N,85,0.013702541168034644,0.013702541168035718
096N,86,0.6918699425570676,0.6918699425571218
096N,87,0.28385682719858013,0.2838568271986024
096N,88,0.009326268705122315,0.009326268705123045
096N,139,0.0012444203711170175,0.001244420371117115
096S,181,0.010090585636560533,0.010090585636560718
096S,182,0.41775400617362207,0.41775400617362973
096S,183,0.3978166171351732,0.39781661713518046
096S,184,0.12933527712576415,0.1293352771257665
096S,185,0.045003513928861774,0.0450035139288626
097N,71,0.007277916853734995,0.007277917024040891
097N,85,0.3368157505777359,0.3368157584593467
097N,86,0.032678681074895306,0.0326786818395883
097N,88,0.6232276280932714,0.6232276426770241
097S,183,0.0531248064709758,0.05312480647097563
097S,184,0.7409111452009493,0.7409111452009469
097S,185,0.20596404832807802,0.20596404832807738
098N,71,0.29445148468069904,0.29445206500076077
098N,85,0.2972705175393972,0.29727110341535323
098N,86,0.0324973357982165,0.032497399845629736
098N,88,0.258174786971341,0.2581752957954295
098N,89,0.11760390416303108,0.11760413594282665
098S,184,0.4785609903071324,0.7331014314233351
098S,185,0.17422860986864963,0.26689856857666494
099N,62,0.10850145938880577,0.10850145625850015
099N,63,0.06130424519807789,0.06130424342942865
099N,70,0.0541088358557073,0.05410883429464817
099N,71,0.049288441655583964,0.049288440233594924
099N,88,0.006370565567380848,0.006370565383587769
099N,89,0.7188800388039049,0.7188800180639606
099N,92,0.0015464423808952093,0.0015464423362797975
099S,182,0.20777066697371405,0.23760723344503004
099S,183,0.16578712952876662,0.1895947188402045
099S,184,0.5008712516425599,0.5727980477147655
100N,88,0.006356476781921955,0.0063564767819220235
100N,89,0.2972060342403716,0.29720603424037484
100N,90,0.6432446889518643,0.6432446889518711
100N,92,0.029320376415534668,0.029320376415534984
100N,139,0.023872423610296765,0.02387242361029702
100S,143,0.07153731905342917,0.07153731905342864
100S,189,0.49038311984407895,0.49038311984407534
100S,197,0.4380795611024991,0.4380795611024959
101N,90,0.16265635118319866,0.16265635118320493
101N,91,0.7202548601239176,0.7202548601239455
101N,92,0.08467811959784675,0.08467811959785003
101N,139,0.03241066909499837,0.03241066909499962
101S,185,0.009956715249681497,0.010119354547552294
101S,186,0.014496595359797521,0.014733391936952818
101S,187,0.20124867662540696,0.2045360000692335
101S,188,0.4717679211879619,0.4794740774388831
101S,189,0.2760571559708184,0.2805664485330155
101S,197,0.010400833664798641,0.010570727474362785
102N,82,0.012624382268639526,0.012781719017680177
102N,83,0.06373694241993914,0.06453129125228206
102N,84,0.013490892107044463,0.01365902810456201
102N,86,0.045254289790904935,0.045818290680954964
102N,87,0.08919166430717597,0.09030325346892656
102N,88,0.020143581400977394,0.020394629376571296
102N,139,0.013493388583831459,0.013661555694755854
102N,140,0.5186511191287505,0.5251150299351212
102N,141,0.21110422600459333,0.21373520246914593
102S,185,0.01692372313046137,0.1307446033558475
102S,188,0.01566117076715955,0.12099072670096606
102S,189,0.005379948583105265,0.04156291367748084
102S,197,0.09147624109807426,0.7067017562657056
103N,86,0.006921551336495373,0.007510216607733337
103N,140,0.18001411527824526,0.19532398626600936
103N,141,0.734682403544273,0.7971657971262572
103S,185,0.6933379647692087,0.6933379647692004
103S,186,0.21296192390522406,0.2129619239052215
103S,187,0.009408051109751119,0.009408051109751006
103S,188,0.08429206021582815,0.08429206021582714
104N,139,0.6698526849703422,0.6868134498079173
104N,140,0.305452450882314,0.31318655019208275
104S,185,0.40676785073758687,1.0
