zone_id,impact_mean,impact_max,impact_std,impact_count,priority,rank
Z-14-08,44.56311667398624,44.769832611083984,0.08577489774591221,68310,MEDIUM,1
Z-18-13,44.30901596620213,78.70233917236328,5.679532867457634,36452,MEDIUM,2
Z-16-02,42.21728070175438,46.0462760925293,4.685653357922218,25650,MEDIUM,3
Z-11-07,40.9806543697848,41.1522216796875,0.06480290358434347,68310,MEDIUM,4
Z-14-09,40.67337339381299,72.86804962158203,12.629168452651502,68563,MEDIUM,5
Z-09-03,40.55186206120612,40.624935150146484,0.03046489476880438,5555,MEDIUM,6
Z-13-08,40.40142731664471,44.48849868774414,10.823349071283413,68310,MEDIUM,7
Z-07-19,40.31847442680776,40.69523620605469,0.18890612458562495,28350,MEDIUM,8
Z-11-08,40.2471087688479,65.12142944335938,5.986036704716927,68310,MEDIUM,9
Z-03-13,40.11671987874097,40.22780227661133,0.06003474460645759,3876,MEDIUM,10
Z-03-14,39.99071804647785,40.21104049682617,0.08998541112373934,55080,LOW,11
Z-03-15,39.75615031460345,39.972801208496094,0.08854812488659362,54672,LOW,12
Z-05-18,39.53020640074212,39.577178955078125,0.02429436828483316,2156,LOW,13
Z-07-18,39.158631108775616,57.17616271972656,3.6542179291888455,30448,LOW,14
Z-00-08,38.643566095740006,38.64689636230469,0.0019268577681489962,68310,LOW,15
Z-00-09,38.6375232371361,38.640220642089844,0.0015629494361482628,55407,LOW,16
Z-17-03,38.457032931554025,47.58903884887695,13.16713135255458,25553,LOW,17
Z-08-19,38.42109500805153,69.98453521728516,6.397406532163819,68310,LOW,18
Z-05-03,38.412353735373536,38.51333999633789,0.04438692702137021,9999,LOW,19
Z-01-09,38.36310358465466,64.85333251953125,3.4023700623461157,55626,LOW,20
Z-04-03,38.31443926873002,38.45214080810547,0.050552907477302574,25654,LOW,21
Z-03-03,38.25090498180253,38.295127868652344,0.004459012641039287,25553,LOW,22
Z-00-03,38.25000489179353,38.250003814697266,1.0770962646233782e-06,25553,LOW,23
Z-00-04,38.250003659786266,38.250003814697266,1.5491099958353516e-07,68310,LOW,24
Z-01-03,38.24997076479301,38.250003814697266,0.0005600718454747477,25654,LOW,25
Z-02-03,38.216271083630104,38.250003814697266,0.9648904889224633,25553,LOW,26
Z-10-03,38.067939759698156,53.150421142578125,10.077704711264744,27299,LOW,27
Z-10-07,37.90378421900161,65.52008819580078,10.456372043200133,68310,LOW,28
Z-14-07,37.75,69.0892333984375,15.319544253599505,68310,LOW,29
Z-14-16,37.738022051116666,59.90884780883789,12.353983520204334,12403,LOW,30
Z-00-05,37.48435441370224,38.466270446777344,4.053424634718625,68310,LOW,31
Z-01-04,37.01333843686206,68.0,4.972714061723893,68580,LOW,32
Z-18-07,36.078684546615584,47.890071868896484,16.596895150396325,39150,LOW,33
Z-13-07,35.54450666081101,61.7309684753418,16.445949039065137,68310,LOW,34
Z-11-06,35.042929292929294,67.9045639038086,14.543014372508996,68310,LOW,35
Z-06-18,34.996625317617166,54.374671936035156,10.300810846114661,3542,LOW,36
Z-15-02,34.84043088363954,59.607826232910156,14.265776954848695,68580,LOW,37
Z-18-06,34.10818620196969,66.89456939697266,17.860180923596065,39194,LOW,38
Z-12-08,34.013163458734326,42.786415100097656,15.52962674780112,68580,LOW,39
Z-03-09,33.253532111736654,68.23286437988281,11.896852107495238,55774,LOW,40
Z-02-09,33.130791235764434,69.60565948486328,10.463834198942061,55407,LOW,41
Z-01-08,32.52358923884515,68.94044494628906,9.372256775431664,68580,LOW,42
Z-10-06,32.009892402283704,81.48503112792969,18.492586578744675,68310,LOW,43
Z-15-08,31.132728200641587,94.21599578857422,20.044124523448765,68580,LOW,44
Z-00-07,30.982681891377542,66.61458587646484,12.767466920859432,68310,LOW,45
Z-17-13,30.8904500574776,83.9924087524414,21.281128087915455,63503,LOW,46
Z-09-19,29.050192339548325,67.0693359375,13.760301927736922,54331,LOW,47
Z-04-14,27.728674540682416,71.02159881591797,12.717452702416848,68580,LOW,48
Z-04-15,27.42979351465664,68.46570587158203,14.06025345736662,68092,LOW,49
Z-16-03,26.025461254612548,67.318603515625,19.248497449143734,42005,LOW,50
Z-00-06,25.960481627872934,67.59534454345703,11.144674267054828,68310,LOW,51
Z-12-07,25.757378244386118,57.2554817199707,19.70566453038994,68580,LOW,52
Z-16-01,25.677108134920633,47.409759521484375,17.942114662014887,15120,LOW,53
Z-01-05,24.220574511519395,65.59112548828125,11.704579292359409,68580,VERY LOW,54
Z-05-17,24.19842461431338,69.69029998779297,14.384641529841312,45957,VERY LOW,55
Z-08-14,23.587803762260283,76.89921569824219,21.478027303706877,68310,VERY LOW,56
Z-03-04,23.50652905870297,56.636863708496094,13.803698423189626,68310,VERY LOW,57
Z-05-04,22.33639267743644,53.74298858642578,16.2320192568186,30208,VERY LOW,58
Z-01-07,21.70346310877807,71.5420913696289,11.609004885837544,68580,VERY LOW,59
Z-15-03,21.61611621463984,67.32921600341797,19.242140408198416,68580,VERY LOW,60
Z-02-04,21.341505636070853,64.56460571289062,12.644208932245698,68310,VERY LOW,61
Z-08-18,21.08862172449129,70.54134368896484,11.06534818540962,68310,VERY LOW,62
Z-15-01,20.856379282563598,59.072113037109375,20.361909195334807,49649,VERY LOW,63
Z-05-13,20.766773876776416,70.5033950805664,8.040344888780327,45316,VERY LOW,64
Z-03-08,20.508208900600206,71.56803894042969,10.806128471600827,68310,VERY LOW,65
Z-13-16,20.19995608256478,66.6976089477539,11.03089497987175,68310,VERY LOW,66
Z-02-07,20.149882886839407,70.90583801269531,10.72790362327147,68310,VERY LOW,67
Z-06-12,20.00340360122969,67.8821792602539,10.335963222824105,68310,VERY LOW,68
Z-04-13,19.962731306646525,68.38470458984375,19.13042042834458,8606,VERY LOW,69
Z-02-08,19.64000329380764,75.08187103271484,8.034937744151087,68310,VERY LOW,70
Z-04-04,19.604265091863518,59.902835845947266,11.190519689903722,68580,VERY LOW,71
Z-05-15,19.555165680560247,67.27226257324219,6.604954347449639,68113,VERY LOW,72
Z-05-12,19.393480389910884,71.83393096923828,15.829893906211867,43651,VERY LOW,73
Z-03-06,19.11774630361587,71.0205307006836,8.109241984879088,68310,VERY LOW,74
Z-04-06,18.94834864391951,70.4464111328125,11.606866344925912,68580,VERY LOW,75
Z-09-04,18.622566257826573,51.025177001953125,19.804076134499756,23318,VERY LOW,76
Z-05-14,18.524890206411946,68.96483612060547,9.944647479440716,68310,VERY LOW,77
Z-09-06,18.336393627879847,88.0851058959961,25.15256320349848,68580,VERY LOW,78
Z-08-06,18.312073634899722,71.62053680419922,25.117296203441597,68310,VERY LOW,79
Z-11-17,17.983084467867076,85.09429931640625,16.539983804613207,68310,VERY LOW,80
Z-12-17,17.808078156897054,79.43424987792969,12.357977440430238,68580,VERY LOW,81
Z-09-14,17.798618401866435,74.42376708984375,19.325419581190264,68580,VERY LOW,82
Z-09-15,17.72775226013415,62.75629425048828,15.31328937394877,68580,VERY LOW,83
Z-04-07,17.593341717701954,69.96220397949219,9.998206030530449,68580,VERY LOW,84
Z-15-09,17.47764912688497,81.62398529052734,21.727855432771438,68834,VERY LOW,85
Z-09-17,17.44643846602508,74.561279296875,22.685840187425505,68580,VERY LOW,86
Z-03-07,17.392856097203925,70.44681549072266,9.448688348228142,68310,VERY LOW,87
Z-02-06,17.37030083443127,67.93841552734375,8.281031345689952,68310,VERY LOW,88
Z-07-17,17.362780694079905,62.83253860473633,11.694946741187788,68580,VERY LOW,89
Z-05-09,17.325160583714005,75.61649322509766,15.152067300144612,64141,VERY LOW,90
Z-12-18,17.266605392156862,59.1787109375,16.573069373287094,4590,VERY LOW,91
Z-04-09,17.235041587317088,72.39849853515625,16.249340816130665,61437,VERY LOW,92
Z-13-09,17.186882866852383,64.45809936523438,20.618232155337818,68563,VERY LOW,93
Z-12-15,17.07892242636337,72.15446472167969,16.101349586376053,68580,VERY LOW,94
Z-05-05,16.757953253210847,67.38198852539062,11.571304495710233,44848,VERY LOW,95
Z-08-17,16.751295564339042,65.15763092041016,12.48044036700883,68310,VERY LOW,96
Z-04-05,16.692732939632545,73.12310028076172,10.15954519388949,68580,VERY LOW,97
Z-05-07,16.67420582637974,71.47050476074219,13.803477593756595,68310,VERY LOW,98
Z-13-17,16.666959449568147,70.46763610839844,9.742985643795027,68310,VERY LOW,99
Z-06-14,16.659676474893867,64.16914367675781,9.312529686500998,68310,VERY LOW,100
Z-14-01,16.55430058396113,78.65287780761719,22.825271784684276,44866,VERY LOW,101
Z-06-15,16.50694261455131,66.14522552490234,8.232332392713685,68310,VERY LOW,102
Z-12-16,16.361544911052786,77.14642333984375,13.95836627486939,68580,VERY LOW,103
Z-04-08,16.284179060950713,72.42831420898438,13.291660274857064,68580,VERY LOW,104
Z-14-02,15.999716366564193,63.23601531982422,17.81353773600206,68310,VERY LOW,105
Z-07-14,15.96457057451152,63.3125,9.093370232382108,68580,VERY LOW,106
Z-10-04,15.931399136290441,67.87883758544922,18.925475778640408,68310,VERY LOW,107
Z-10-16,15.893712487190749,64.38417053222656,11.95729007821668,68310,VERY LOW,108
Z-14-15,15.8192312803136,54.524261474609375,10.521010595277453,15051,VERY LOW,109
Z-07-15,15.813699329250511,78.80659484863281,9.453765194336427,68580,VERY LOW,110
Z-06-06,15.78986422192944,70.19658660888672,15.3231409993285,68310,VERY LOW,111
Z-06-17,15.443712487190748,65.69249725341797,7.929960316905607,68310,VERY LOW,112
Z-05-16,15.391553593490393,61.98567199707031,7.553196420917082,46946,VERY LOW,113
Z-11-04,15.229457619675012,64.23873901367188,19.109356030017377,68310,VERY LOW,114
Z-05-06,15.181565656565656,72.63615417480469,11.428909715810578,68310,VERY LOW,115
Z-01-06,15.055273038786819,71.57814025878906,9.368496970284271,68580,VERY LOW,116
Z-06-16,14.92377031181379,65.52825164794922,8.608039926986528,68310,VERY LOW,117
Z-03-05,14.752841824037477,65.88645935058594,10.5950908901602,68310,VERY LOW,118
Z-02-05,14.615914580588493,62.57406997680664,8.409783876960352,68310,VERY LOW,119
Z-17-07,14.569535939101156,67.10655975341797,17.066738973759026,68310,VERY LOW,120
Z-15-13,14.261021505376345,67.19869995117188,15.756374754989007,64635,VERY LOW,121
Z-06-13,13.81604267310789,71.10584259033203,14.513344923357973,68310,VERY LOW,122
Z-07-06,13.511872995042287,67.64319610595703,16.755695362546593,68580,VERY LOW,123
Z-14-17,13.403524789294924,50.7296142578125,9.804565273989523,15899,VERY LOW,124
Z-05-10,13.403444281005994,67.37348937988281,9.202293126625289,45209,VERY LOW,125
Z-10-14,13.155213365539453,82.77030944824219,17.756244000116343,68310,VERY LOW,126
Z-07-12,13.125326261300671,67.08235931396484,16.268072796772415,68580,VERY LOW,127
Z-15-11,12.965485564304462,78.02900695800781,16.03337248461266,68580,VERY LOW,128
Z-09-16,12.94335812190143,77.09158325195312,16.6344107701011,68580,VERY LOW,129
Z-13-15,12.867142438881569,72.97264862060547,13.820707485830367,68310,VERY LOW,130
Z-12-09,12.743827541621872,73.44671630859375,18.843381242434297,68834,VERY LOW,131
Z-10-05,12.401482213438735,82.43299865722656,23.93892527783028,68310,VERY LOW,132
Z-10-08,12.384564851412678,72.38958740234375,18.882313422678305,68310,VERY LOW,133
Z-10-15,12.29970172741912,79.86026000976562,11.051367348945051,68310,VERY LOW,134
Z-18-03,12.148892195767196,70.8176498413086,19.69757113449629,23436,VERY LOW,135
Z-06-07,12.115781913336262,73.32804107666016,16.680241194930716,68310,VERY LOW,136
Z-06-10,12.103516109271764,73.2071533203125,11.431566197659839,68563,VERY LOW,137
Z-08-16,12.034060715854194,80.70539855957031,20.261458094376337,68310,VERY LOW,138
Z-13-13,11.847555262772653,79.90132141113281,22.71776095288994,68310,VERY LOW,139
Z-12-14,11.6012941090697,85.34315490722656,22.179485166318123,68580,VERY LOW,140
Z-07-13,11.466538167104112,73.1556625366211,14.225864074674991,68580,VERY LOW,141
Z-14-03,11.386662823891085,64.33479309082031,15.743116008558644,68310,VERY LOW,142
Z-10-17,11.122389657444005,72.05581665039062,15.406770368172069,68310,VERY LOW,143
Z-06-09,11.04302065253854,80.11314392089844,17.39564091238862,68563,VERY LOW,144
Z-06-11,10.987351778656127,83.33041381835938,15.513709858752517,68310,VERY LOW,145
Z-11-15,10.910854926072318,87.45780944824219,15.93268515270607,68310,VERY LOW,146
Z-07-16,10.4608121901429,70.60871124267578,10.265582706797119,68580,VERY LOW,147
Z-12-02,10.183878317293672,68.7425765991211,15.013595909686709,68580,VERY LOW,148
Z-09-13,10.107745516185476,77.56700134277344,18.270525761755284,68580,VERY LOW,149
Z-12-06,9.745404090113736,58.848655700683594,16.387799539224616,68580,VERY LOW,150
Z-16-08,9.445064778216953,70.25076293945312,15.800995242252851,68310,VERY LOW,151
Z-11-16,8.920429841897233,84.05316162109375,15.667869712568647,68310,VERY LOW,152
Z-13-14,8.802018372127067,76.85171508789062,18.17240001305405,68310,VERY LOW,153
Z-05-11,8.719354299750036,77.9901351928711,16.767059195348907,57608,VERY LOW,154
Z-08-15,8.614844093104963,76.56507110595703,15.559901327542784,68310,VERY LOW,155
Z-06-05,8.359043565882834,60.52287673950195,10.85335505866578,26919,VERY LOW,156
Z-17-12,8.323363160591422,83.70027160644531,18.246981510364787,68310,VERY LOW,157
Z-08-13,8.300671570780267,71.41068267822266,16.475486961241696,68310,VERY LOW,158
Z-14-13,7.857331060136392,76.32393646240234,17.623826268869554,67746,VERY LOW,159
Z-07-11,7.840981335666375,83.35411071777344,14.495242164753837,68580,VERY LOW,160
Z-18-05,7.777317475270843,70.01658630371094,17.283341616332827,53075,VERY LOW,161
Z-17-08,7.66392502927829,77.13806915283203,13.318522312870893,68310,VERY LOW,162
Z-16-10,7.610898006213263,78.26337432861328,13.637462160639314,68563,VERY LOW,163
Z-15-12,7.5290217629046365,77.9685287475586,15.484274329959241,68580,VERY LOW,164
Z-07-10,7.256240103001423,70.45677947998047,11.267516700798813,68834,VERY LOW,165
Z-11-09,6.943556017823024,71.00800323486328,15.396389527750388,68563,VERY LOW,166
Z-16-13,6.904096303501945,84.8868179321289,16.788039122575576,64250,VERY LOW,167
Z-08-12,6.868418331869419,74.33504486083984,15.993268214838768,68310,VERY LOW,168
Z-14-06,6.830541831357049,71.18305206298828,15.592992715958129,68310,VERY LOW,169
Z-11-03,6.828659565537682,61.15225601196289,15.020781279948427,58371,VERY LOW,170
Z-09-05,6.725099749155735,79.41814422607422,19.162612139772943,61592,VERY LOW,171
Z-10-13,6.663632246376811,81.46696472167969,14.687825700944076,68310,VERY LOW,172
Z-09-07,6.5991114391951005,68.04292297363281,15.404242334366653,68580,VERY LOW,173
Z-16-11,6.530355182257356,79.76017761230469,17.690166380794093,68310,VERY LOW,174
Z-07-05,6.485181248783021,73.48548889160156,12.74391363035881,30814,VERY LOW,175
Z-16-09,6.4546662376208745,79.76690673828125,11.972527861774045,68563,VERY LOW,176
Z-09-18,6.394956676038162,72.17607116699219,13.270010326154848,65091,VERY LOW,177
Z-08-07,6.31329280120041,65.37358856201172,15.398929512706466,68310,VERY LOW,178
Z-07-07,6.309136227763196,75.72396850585938,14.570495309865873,68580,VERY LOW,179
Z-13-18,6.211013988314559,51.358890533447266,9.375198247346106,9499,VERY LOW,180
Z-11-05,6.166755416483677,69.26829528808594,13.598525934278742,68310,VERY LOW,181
Z-13-01,5.911393235803853,65.12397003173828,13.136094158049035,49045,VERY LOW,182
Z-17-04,5.560519140682184,86.2627182006836,15.926950503177466,68310,VERY LOW,183
Z-11-14,5.55786899795052,90.6750259399414,14.629466176137804,68310,VERY LOW,184
Z-12-01,5.5297148736325425,53.28123474121094,11.040727644995078,38301,VERY LOW,185
Z-12-13,5.514446631671041,83.56040954589844,17.046045670224835,68580,VERY LOW,186
Z-16-12,5.428064156053287,78.84053039550781,17.411369801583223,68310,VERY LOW,187
Z-11-18,4.936512150933966,72.80451965332031,12.394736208091464,16007,VERY LOW,188
Z-08-05,4.8580312409890425,72.29139709472656,14.142419439865764,55488,VERY LOW,189
Z-13-02,4.5401945176401695,75.07892608642578,11.424833565723691,68310,VERY LOW,190
Z-16-04,4.433802700922266,68.71049499511719,11.172115241313824,68310,VERY LOW,191
Z-15-07,4.391411945902595,72.75936889648438,13.264659944693477,68580,VERY LOW,192
Z-06-08,3.836398404333187,81.41309356689453,11.750814170852943,68310,VERY LOW,193
Z-13-03,3.783573735543844,64.20523834228516,9.446027915447784,68310,VERY LOW,194
Z-05-08,3.6359889657444007,74.09111022949219,12.507354243318282,68310,VERY LOW,195
Z-14-18,3.6081590513910355,47.07713317871094,7.719507174066523,3235,VERY LOW,196
Z-17-06,3.4733915239350024,69.56660461425781,11.371742461701462,68310,VERY LOW,197
Z-07-08,3.4386792796733743,72.2931900024414,12.028442898832727,68580,VERY LOW,198
Z-12-04,3.349473698600175,64.1109390258789,8.760875395770658,68580,VERY LOW,199
Z-09-11,3.121756069553806,86.9205322265625,12.893585794930013,68580,VERY LOW,200
Z-16-07,3.103134606938955,75.9388427734375,9.988891674883595,68310,VERY LOW,201
Z-18-08,3.045384827866946,64.99636840820312,10.838837557735602,60186,VERY LOW,202
Z-07-09,2.941506922451114,67.33091735839844,10.316433966687969,68834,VERY LOW,203
Z-18-04,2.93287641650018,79.75944519042969,12.286853880538123,61066,VERY LOW,204
Z-12-03,2.725984251968504,62.3974609375,7.06320933854871,68580,VERY LOW,205
Z-15-10,2.674864302161722,80.57811737060547,10.111429221557248,68834,VERY LOW,206
Z-12-05,2.6207294400699914,58.74530029296875,8.517532665301315,68580,VERY LOW,207
Z-08-10,2.606052553855578,71.06607055664062,9.900277122008045,68563,VERY LOW,208
Z-09-12,2.450251303222514,82.46856689453125,11.40381088481053,68580,VERY LOW,209
Z-11-13,2.4410801859171425,73.56340789794922,9.911587479738326,68310,VERY LOW,210
Z-08-09,2.3050944022286073,77.68695831298828,10.652101321075625,68563,VERY LOW,211
Z-12-10,2.2905095955487114,80.60846710205078,9.57557069141273,68834,VERY LOW,212
Z-09-10,2.07733687203998,69.2892837524414,8.765780456589441,68834,VERY LOW,213
Z-18-12,1.9876424892650082,96.25315856933594,10.87466864557841,59851,VERY LOW,214
Z-17-05,1.9088140233860342,76.20722198486328,8.36190825958659,68310,VERY LOW,215
Z-14-14,1.8717789729823486,71.76568603515625,8.645099472910655,30989,VERY LOW,216
Z-14-12,1.7857136811960181,75.00054168701172,8.35013409981446,68310,VERY LOW,217
Z-08-08,1.7333230401844533,76.739501953125,8.81234909952169,68310,VERY LOW,218
Z-14-10,1.709830967504339,81.10547637939453,9.093093861672847,68563,VERY LOW,219
Z-17-10,1.7065618482271778,80.41072845458984,10.429632548237928,68563,VERY LOW,220
Z-12-11,1.6950541338582676,79.00919342041016,8.620552406433736,68580,VERY LOW,221
Z-18-10,1.6866315765073647,78.75470733642578,9.850835752433278,47185,VERY LOW,222
Z-08-11,1.6420311585053433,81.92525482177734,9.706367215974248,68310,VERY LOW,223
Z-13-04,1.6292826361440491,65.14278411865234,7.179267362358747,68310,VERY LOW,224
Z-10-10,1.606199772472033,83.63961791992188,7.985886713538042,68563,VERY LOW,225
Z-13-12,1.6027189924608403,80.73632049560547,8.083960127123973,68310,VERY LOW,226
Z-10-11,1.5847240521153565,66.69136047363281,8.129434053950687,68310,VERY LOW,227
Z-11-11,1.3982944252305665,72.64484405517578,8.083693108475595,68310,VERY LOW,228
Z-17-11,1.3941425120772948,84.3734359741211,9.079159541795478,68310,VERY LOW,229
Z-12-12,1.3765537283100029,75.55467987060547,8.316925571138597,68580,VERY LOW,230
Z-11-10,1.2901625375566996,84.17474365234375,7.4379514182338715,68563,VERY LOW,231
Z-14-04,1.2641569682330551,62.831050872802734,6.104686795876812,68310,VERY LOW,232
Z-18-09,1.1840315413515452,77.74774932861328,8.052479318223416,61352,VERY LOW,233
Z-13-06,1.1274689833113747,59.01191329956055,6.227403503257182,68310,VERY LOW,234
Z-18-11,1.1268861252512807,83.98817443847656,7.208199557040411,61684,VERY LOW,235
Z-09-08,1.074029646033829,73.80317687988281,7.600176523461334,68580,VERY LOW,236
Z-10-12,1.0514670024520567,71.87629699707031,6.876832447508021,68310,VERY LOW,237
Z-11-02,0.9450334387395971,54.62167739868164,5.630341453156468,25714,VERY LOW,238
Z-16-05,0.7932377442907335,67.70651245117188,5.2997452657749395,68310,VERY LOW,239
Z-14-05,0.7758808076233348,61.45103454589844,4.2096743782007175,68310,VERY LOW,240
Z-16-06,0.7715299507758747,69.36274719238281,5.271751880999614,68310,VERY LOW,241
Z-13-10,0.7702721857999213,76.78042602539062,5.924271098359953,68563,VERY LOW,242
Z-10-09,0.7646030156571328,67.59909057617188,5.591469235097563,68563,VERY LOW,243
Z-17-09,0.7400831397765558,77.9122314453125,6.841900989732288,68563,VERY LOW,244
Z-14-11,0.7340256047796808,70.59574127197266,5.301445871628202,68310,VERY LOW,245
Z-09-09,0.6627945038062585,68.64739990234375,5.472601624738079,68834,VERY LOW,246
Z-15-05,0.6088071754702538,62.727622985839844,4.703216511942428,68580,VERY LOW,247
Z-13-11,0.5996789681232616,73.86885070800781,4.683167014122109,68310,VERY LOW,248
Z-11-12,0.5765054302078758,68.99026489257812,4.791683719317789,68310,VERY LOW,249
Z-15-04,0.4910323709536308,72.45291137695312,4.536650288095465,68580,VERY LOW,250
Z-15-06,0.42794005404272384,70.66600036621094,4.200053526005807,68580,VERY LOW,251
Z-10-18,0.40583567023802036,74.57884216308594,4.1536095559472415,39755,VERY LOW,252
Z-13-05,0.3034362533853023,64.34516906738281,2.815400745188146,68310,VERY LOW,253
Z-11-01,0.10291373712231568,51.766597747802734,1.531158654198221,6822,VERY LOW,254
Z-19-03,0.0,0.0,0.0,2142,VERY LOW,255
Z-19-04,0.0,0.0,0.0,26315,VERY LOW,256
Z-16-14,0.0,0.0,0.0,6620,VERY LOW,257
Z-10-02,0.0,0.0,0.0,1224,VERY LOW,258
Z-19-09,0.0,0.0,0.0,16198,VERY LOW,259
Z-19-05,0.0,0.0,0.0,5194,VERY LOW,260
Z-19-08,0.0,0.0,0.0,22578,VERY LOW,261
Z-10-19,0.0,0.0,0.0,2588,VERY LOW,262
Z-08-04,0.0,0.0,0.0,9890,VERY LOW,263
Z-11-19,0.0,0.0,0.0,26,VERY LOW,264
Z-12-00,0.0,0.0,0.0,494,VERY LOW,265
Z-07-04,0.0,0.0,0.0,210,VERY LOW,266
Z-13-00,0.0,0.0,0.0,6897,VERY LOW,267
Z-14-00,0.0,0.0,0.0,6544,VERY LOW,268
Z-15-00,0.0,0.0,0.0,13730,VERY LOW,269
Z-06-04,0.0,0.0,0.0,2360,VERY LOW,270
Z-16-00,0.0,0.0,0.0,38,VERY LOW,271
Z-15-14,0.0,0.0,0.0,11507,VERY LOW,272
Z-15-15,0.0,0.0,0.0,747,VERY LOW,273
Z-04-16,0.0,0.0,0.0,9947,VERY LOW,274
Z-04-17,0.0,0.0,0.0,253,VERY LOW,275
Z-04-11,0.0,0.0,0.0,9026,VERY LOW,276
Z-04-12,0.0,0.0,0.0,4662,VERY LOW,277
Z-04-10,0.0,0.0,0.0,19994,VERY LOW,278
Z-03-10,0.0,0.0,0.0,1065,VERY LOW,279
Z-19-11,0.0,0.0,0.0,4390,VERY LOW,280
Z-19-12,0.0,0.0,0.0,610,VERY LOW,281
