ward_number,ward_name,assembly_constituency_name,area_hectares,total_population,scheduled_caste_population,total_households,literate_population,households_piped_water_premises,slum_households,mean_normalized_difference_vegetation_index,mean_land_surface_temperature_celsius,worldcover_canopy_fraction,worldcover_built_fraction,cropland_fraction,worldcover_bare_or_other_fraction,jhuggi_jhopri_clusters_apportioned,jhuggi_jhopri_households,jhuggi_jhopri_area_square_meters,jhuggi_jhopri_area_fraction,mean_annual_rainfall_millimeters,mean_groundwater_depth_meters,ridge_fraction,distance_to_water_meters,distance_to_water_body_meters,water_tier,water_cost_multiplier,Environment_Score,Social_Score,Feasibility_Score,Urban_Vulnerability_Score,TPIS,Priority,Estimated_Trees,Estimated_Cost,Estimated_CO2_10Y_kg,Estimated_Temp_Reduction_C,Recommendation_Reason
100,FATEH NAGAR,HARI NAGAR,314.51729219123723,57335,2034,,,,,0.3201336631082882,41.474392284932975,0.2685978108852856,0.6952380821235998,0.0153863448474084,0.020777762143708,5.7,1706,365034,0.11606,738.0319024148585,21.0,0.0,19.1,2818.7,W1,1.0,37.9,,57.31,,,LOW,0,0,0,0.0,General Greening Opportunity
113,MOHAN GARDEN,UTTAM NAGAR,187.62389809705311,60029,5854,,,,,0.15452392444182,42.11600981079231,0.1114624349347234,0.854251695893265,0.0038812421225796,0.0304046270494323,0.0,0,0,0.0,702.7776277909959,14.1,0.0,0.0,607.4,W1,1.0,52.67,,72.0,,,LOW,0,0,0,0.0,Highly Feasible
115,UTTAM NAGAR,UTTAM NAGAR,148.86212644769557,68309,3410,,,,,0.0906642391770027,43.22322640209466,0.0007031560819309,0.9948485314267532,0.0,0.004448312491316,0.0,0,0,0.0,725.8302964903702,19.78,0.0,95.5,1339.1,W1,1.0,64.19,,66.96,,,LOW,0,0,0,0.0,General Greening Opportunity
116,BINDA PUR,UTTAM NAGAR,113.16660886409574,58750,6992,,,,,0.135212994567325,42.770713163802455,0.0152157427638481,0.9708330880596135,0.0007946868518281,0.0131564823247101,0.0,0,0,0.0,734.7484821915878,22.74,0.0,212.2,1396.7,W2,1.35,60.98,,51.29,,,LOW,0,0,0,0.0,General Greening Opportunity
12,MALKA GANJ,TIMARPUR,316.6784506834142,68941,22081,,,,,0.3771653333037745,40.380205808521545,0.4132422981327343,0.5564564376173405,0.003786327867039,0.0265149363828863,4.89,1439,68151,0.02152,839.3649981933036,8.6,0.1278,0.0,531.9,W1,1.0,31.46,,88.8,,,LOW,0,0,0,0.0,Highly Feasible
13,MUKHERJEE NAGAR,TIMARPUR,381.29459473644704,79914,7337,,,,,0.3292374723147871,40.406314715033446,0.3265133584982777,0.6476774786012476,0.0105099401668641,0.0152992227336103,5.67,1668,78999,0.02072,841.8584802455642,7.64,0.0,0.0,1229.3,W1,1.0,37.55,,85.81,,,LOW,0,0,0,0.0,Highly Feasible
130,DWARKA-C,BIJWASAN,1715.8655140493504,45075,5926,,,,,0.3401559858991853,42.62447201715451,0.2578069623047109,0.323192170489991,0.2281551891014599,0.1908456781038364,1.06,994,37659,0.00219,694.9071648270576,25.44,0.0,0.0,1035.7,W1,1.0,44.17,,63.27,,,LOW,0,0,0,0.0,General Greening Opportunity
132,KAPASHERA,BIJWASAN,292.3997417318813,74073,6503,,,,,0.3105932209575142,42.21313969206172,0.3039550760253532,0.571611996568539,0.0972399152454913,0.0271930121606164,1.74,1633,61887,0.02117,702.9517823494971,73.75,0.0002,0.0,453.8,W1,1.0,37.47,,47.79,,,LOW,0,0,0,0.0,General Greening Opportunity
134,RAJ NAGAR,BIJWASAN,137.45563131561622,66635,10170,,,,,0.1126121657203382,43.04121448371953,0.015935179434674,0.9756211551855252,0.0022582526923342,0.0061854126874663,1.56,1469,55672,0.0405,718.0426374077797,41.23,0.0,320.4,1145.4,W2,1.35,61.62,,43.37,,,LOW,0,0,0,0.0,General Greening Opportunity
135,PALAM,PALAM,208.4019973870673,54900,5637,,,,,0.2319953154541792,43.01523689910341,0.0970854652776722,0.8675888716024733,0.0217769421738427,0.0135487209460117,0.22,49,73435,0.03524,718.0426374077797,34.41,0.0002,0.0,343.6,W1,1.0,52.66,,66.95,,,LOW,0,0,0,0.0,General Greening Opportunity
136,MADHU VIHAR,PALAM,148.58974713636653,67394,6236,,,,,0.1644350743648681,42.71873802749824,0.0578014572446104,0.9086677146844464,0.016350879108155,0.0171799489627882,0.27,60,90147,0.06067,734.4423541458111,23.05,0.0,0.0,989.2,W1,1.0,57.75,,69.02,,,LOW,0,0,0,0.0,General Greening Opportunity
138,SADH NAGAR,PALAM,109.73682470472208,56487,5826,,,,,0.1138220287596006,42.75613816044347,0.01534340894806,0.9815603394091764,9.106622478715497e-05,0.0030051854179761,0.23,50,75557,0.06885,722.1898011897673,41.26,0.0,0.0,700.8,W1,1.0,60.94,,61.97,,,LOW,0,0,0,0.0,General Greening Opportunity
139,NARAINA,RAJINDER NAGAR,264.4607251416412,80240,15689,,,,,0.2554337663383097,42.29993642776442,0.121255187176225,0.8688793852509191,0.0032282548181051,0.0066371727547506,8.34,3563,67551,0.02554,749.0891462324149,25.29,0.0,0.0,953.7,W1,1.0,49.96,,69.95,,,LOW,0,0,0,0.0,General Greening Opportunity
140,INDER PURI,RAJINDER NAGAR,624.1076605056958,59603,17847,,,,,0.3349643241380988,42.61910528540263,0.2488507171043792,0.4722766534326527,0.1977671236380636,0.0811055058249058,6.19,2647,50177,0.00804,776.195724116503,25.55,0.0169,0.0,735.3,W1,1.0,46.1,,74.24,,,LOW,0,0,0,0.0,Highly Feasible
141,RAJINDER NAGAR,RAJINDER NAGAR,782.1812317447016,62224,10420,,,,,0.424643361313282,40.16314234690173,0.5667055670023319,0.3323452731821086,0.0116102050696726,0.089338954745887,6.47,2763,52384,0.0067,783.6272411072111,21.04,0.5988,0.0,795.0,W1,1.0,20.42,,70.74,,,LOW,0,0,0,0.0,Highly Feasible
152,R.K. PURAM,R K PURAM,226.46527819709536,54347,10587,,,,,0.4332967907704401,40.387619857323,0.4535608457719302,0.5351963788438634,0.0011065723803352,0.010136203003871,7.46,3386,86750,0.03831,783.6386219412088,19.68,0.0,0.0,748.7,W1,1.0,23.48,,77.63,,,LOW,0,0,0,0.0,Highly Feasible
37,KIRARI,KIRARI,175.5612046221652,57703,10787,,,,,0.1152222406193594,43.63281431636885,0.01694539244919,0.9632452685535472,0.0020193570894951,0.0177899819077676,0.17,58,3054,0.00174,749.4163134159276,4.5,0.0,0.0,2.5,W1,1.0,65.13,,85.56,,,LOW,0,0,0,0.0,Highly Feasible
38,PREM NAGAR,KIRARI,109.49273915094597,63337,10299,,,,,0.0844939541100778,43.02160205496585,0.0025979732669834,0.964813940316522,0.0,0.0325880864164946,0.18,64,3353,0.00306,746.1989942945972,4.36,0.0,0.0,777.8,W1,1.0,65.76,,79.76,,,LOW,0,0,0,0.0,Highly Feasible
39,MUBARIKPUR,KIRARI,317.24698168803457,81734,11903,,,,,0.1406380710407053,40.389698531149456,0.0060630151506844,0.619303551591506,0.0940726213356291,0.2805608119221804,0.24,83,4326,0.00136,717.9149023754248,3.06,0.0,0.0,26.0,W1,1.0,61.68,,82.49,,,LOW,0,0,0,0.0,Highly Feasible
41,AMAN VIHAR,KIRARI,141.30589671319515,78962,18331,,,,,0.0887860940426315,42.909778718021045,0.0063345968825087,0.969612664442334,0.002880140730759,0.0211725979443983,0.23,80,4180,0.00296,751.3605680225434,4.39,0.0,0.0,727.5,W1,1.0,65.08,,80.68,,,LOW,0,0,0,0.0,Highly Feasible
49,MANGOLPURI-A,MANGOL PURI,148.7755176970386,78867,33950,,,,,0.2756888305589238,42.75636252201831,0.1124466187268848,0.776608384778043,0.0377757115240279,0.0731692849710445,3.06,682,11620,0.00781,746.7959425879801,4.05,0.0,0.0,577.3,W1,1.0,52.59,,81.38,,,LOW,0,0,0,0.0,Highly Feasible
50,MANGOLPURI-B,MANGOL PURI,144.5833670978142,81344,41151,,,,,0.2279318380166106,42.89348838920164,0.0843064885474463,0.8933222092368834,0.0081298213487813,0.0142414808668882,3.16,703,11985,0.00829,747.4998518233556,5.55,0.0,314.4,1244.8,W2,1.35,54.68,,61.08,,,LOW,0,0,0,0.0,General Greening Opportunity
51,ROHINI-C,MANGOL PURI,235.791704758109,71696,8133,,,,,0.2346014769507053,42.16075911885548,0.1065804749129965,0.8416758980956566,0.0294179116082091,0.0223257153831381,2.78,620,10563,0.00448,759.7360502304117,5.51,0.0,0.0,98.6,W1,1.0,52.39,,85.6,,,LOW,0,0,0,0.0,Highly Feasible
52,ROHINI-F,ROHINI,210.14186267117137,81298,4021,,,,,0.2337362701455774,42.02398699763737,0.1277897592335662,0.8637627061607391,0.0005249880263426,0.007922546579352,1.06,939,24687,0.01175,778.5173193326301,6.44,0.0,0.0,316.6,W1,1.0,51.58,,85.75,,,LOW,0,0,0,0.0,Highly Feasible
53,ROHINI-E,ROHINI,269.8015704235532,66795,1196,,,,,0.2871663674998775,41.45754295613276,0.2279294986754476,0.7571219634325085,0.0047291277017497,0.010219410190293,0.87,771,20283,0.00752,775.4214408129326,6.9,0.0,17.0,837.7,W1,1.0,42.94,,81.51,,,LOW,0,0,0,0.0,Highly Feasible
54,ROHINI-D,ROHINI,482.2129361519783,80948,6191,,,,,0.3387648847806555,41.38579918309584,0.2830680962726268,0.5809771706788927,0.0819337060250745,0.0540210270234044,1.06,935,24580,0.0051,774.3500647649531,8.8,0.0,0.0,871.9,W1,1.0,39.48,,80.34,,,LOW,0,0,0,0.0,Highly Feasible
55,SHALIMAR BAGH-A,SHALIMAR BAGH,225.2530270383588,61220,10480,,,,,0.3288562930860392,41.60741387456075,0.3088366215139275,0.5691200465520642,0.0455945913522437,0.0764487405817649,3.43,1772,47746,0.0212,788.8634627193737,10.14,0.0,0.0,931.8,W1,1.0,40.59,,80.96,,,LOW,0,0,0,0.0,Highly Feasible
56,SHALIMAR BAGH-B,SHALIMAR BAGH,303.5803794165899,72416,4861,,,,,0.3099961634221735,41.07358443711746,0.2663868113480541,0.7132690218497728,0.0099768641525591,0.0103673026496134,4.06,2096,56478,0.0186,796.3955806276444,8.21,0.0,0.0,1564.5,W1,1.0,40.3,,78.13,,,LOW,0,0,0,0.0,Highly Feasible
57,PITAM PURA,SHALIMAR BAGH,394.7735022885285,80594,5366,,,,,0.3033730240527571,40.93010344619303,0.2580569954582341,0.7008360616049165,0.0121818553945713,0.0289250875422779,4.51,2332,62856,0.01592,777.756644413013,8.19,0.0042,0.0,1546.5,W1,1.0,40.09,,76.15,,,LOW,0,0,0,0.0,Highly Feasible
58,SARASWATI VIHAR,SHAKUR BASTI,413.85807580949097,63630,3390,,,,,0.2974445740209008,41.64453317810259,0.2013217170731447,0.752597467046762,0.0224701608767597,0.0236106550033339,3.22,1473,39048,0.00944,751.2700741958589,5.73,0.0,0.0,1016.0,W1,1.0,43.31,,78.05,,,LOW,0,0,0,0.0,Highly Feasible
59,PASCHIM VIHAR,SHAKUR BASTI,315.6458440452892,67423,7643,,,,,0.2785611347132241,41.11165604706508,0.2001572508661935,0.7504216326030807,0.0243720252097132,0.0250490913210113,3.41,1561,41375,0.01311,750.8850899923857,9.48,0.0,0.0,576.2,W1,1.0,42.82,,79.54,,,LOW,0,0,0,0.0,Highly Feasible
60,RANI BAGH,SHAKUR BASTI,503.35758403101664,66602,5562,,,,,0.3678075261773939,42.01944645301242,0.3722610724430211,0.572205964885715,0.0368826451003059,0.0186503175709587,3.37,1542,40872,0.00812,752.3074021330485,6.35,0.0,0.0,1427.0,W1,1.0,33.35,,74.99,,,LOW,0,0,0,0.0,Highly Feasible
64,KESHAV PURAM,WAZIRPUR,280.6607924775724,65433,7237,,,,,0.2872904985047065,41.96845265499095,0.214457968688261,0.7569366628346221,0.0103322701597331,0.0182730983173838,8.16,4309,65909,0.02348,805.6770027449429,11.51,0.0,0.0,1844.4,W1,1.0,46.88,,75.78,,,LOW,0,0,0,0.0,Highly Feasible
65,ASHOK VIHAR,WAZIRPUR,193.94810325384225,55773,12206,,,,,0.2306177317705111,42.54101958247357,0.1333400130172707,0.8395614287194909,0.0164987517171621,0.0105998065460767,6.95,3673,56179,0.02897,804.6682166897766,10.83,0.0,0.0,914.9,W1,1.0,54.51,,82.55,,,LOW,0,0,0,0.0,Highly Feasible
66,WAZIR PUR,WAZIRPUR,279.8336779240393,87397,26071,,,,,0.3598850855256317,40.48555507297476,0.3859267983459926,0.5754405616141065,0.0158445229622504,0.0227881170776508,10.89,5755,88033,0.03146,805.6770027449429,13.43,0.0,0.0,671.6,W1,1.0,31.88,,83.29,,,LOW,0,0,0,0.0,Highly Feasible
67,SANGAM PARK,MODEL TOWN,97.0385249467138,54854,23074,,,,,0.22708258675476,42.93825380813283,0.1068131181048381,0.8730215090962185,0.0082614988129847,0.0119038739859589,6.94,3611,60058,0.06189,804.0426066281456,11.0,0.0,0.0,1118.7,W1,1.0,56.9,,80.96,,,LOW,0,0,0,0.0,Highly Feasible
68,MODEL TOWN,MODEL TOWN,355.2507777292897,65907,7141,,,,,0.261020706801744,41.53035850035595,0.1917222230495697,0.7596619568532778,0.0085233336808192,0.0400924864163333,8.34,4339,72160,0.02031,803.9040723162867,8.65,0.0,0.0,439.4,W1,1.0,48.43,,86.76,,,LOW,0,0,0,0.0,Highly Feasible
69,KAMLA NAGAR,MODEL TOWN,308.8343281432898,61009,6774,,,,,0.2993139191348727,40.96030301370709,0.2800957416738857,0.6956854225383623,0.0108677196064795,0.0133511161812732,7.72,4016,66797,0.02163,813.6671042294902,10.57,0.0003,0.0,475.5,W1,1.0,40.92,,86.78,,,LOW,0,0,0,0.0,Highly Feasible
82,PAHAR GANJ,KAROL BAGH,192.71896275243685,67390,14936,,,,,0.243821526490538,42.34630912256858,0.1273627080470959,0.8682824579247529,0.0016045193657672,0.0027503146623841,2.03,589,9995,0.00519,837.1050501034327,11.39,0.0,0.0,910.1,W1,1.0,55.13,,85.96,,,LOW,0,0,0,0.0,Highly Feasible
83,KAROL BAGH,KAROL BAGH,260.81390473126675,66938,20985,,,,,0.2538754615430962,42.01242020992969,0.1480618746723456,0.8294849180824817,0.0087509935929902,0.0137022136521821,2.02,585,9928,0.00381,811.2477191332321,12.95,0.0002,0.0,1158.0,W1,1.0,51.73,,80.66,,,LOW,0,0,0,0.0,Highly Feasible
84,DEV NAGAR,KAROL BAGH,95.90247756092153,64451,44756,,,,,0.2475016120848226,41.27520071700542,0.1475476199669561,0.8413934517845932,0.0031820481920365,0.0078768800564143,1.95,564,9559,0.00997,805.6770027449429,18.58,0.0,0.0,295.6,W1,1.0,49.53,,83.77,,,LOW,0,0,0,0.0,Highly Feasible
85,WEST PATEL NAGAR,PATEL NAGAR,124.31060103166078,69686,25390,,,,,0.2746453696848287,42.07585706544929,0.2742939773495477,0.6683288645150502,0.0149331955975177,0.0424439625378836,3.13,718,45161,0.03633,805.6770027449429,19.63,0.0,0.0,481.5,W1,1.0,45.75,,82.0,,,LOW,0,0,0,0.0,Highly Feasible
86,EAST PATEL NAGAR,PATEL NAGAR,179.67714717083877,44420,7685,,,,,0.2536459953893105,41.31252642644203,0.1474484536026287,0.8438220297396098,0.0022155702068483,0.0065139464509128,2.0,458,28787,0.01602,794.3679867324108,22.74,0.0,0.0,705.5,W1,1.0,48.68,,77.83,,,LOW,0,0,0,0.0,Highly Feasible
87,RANJEET NAGAR,PATEL NAGAR,97.1975873972198,54256,8884,,,,,0.1894311086129109,41.98725532168961,0.0278462654682419,0.9709157102377504,0.0,0.0012380242940073,2.44,559,35162,0.03618,792.3492104955335,25.77,0.0,0.0,673.6,W1,1.0,58.63,,76.55,,,LOW,0,0,0,0.0,Highly Feasible
88,BALJEET NAGAR,PATEL NAGAR,79.45029457366113,54213,6240,,,,,0.1960476884722275,42.110836071384405,0.0814467103958644,0.9098521225068532,0.0013974677187447,0.0073036993785378,2.44,559,35134,0.04422,805.6770027449429,21.77,0.0,0.0,951.2,W1,1.0,57.16,,77.76,,,LOW,0,0,0,0.0,Highly Feasible
89,KARAM PURA,MOTI NAGAR,358.64171414108495,72228,7693,,,,,0.2713242504697204,41.93669299764866,0.1573980598420039,0.7531244730056073,0.026665029402535,0.0628124377498533,12.05,8865,129356,0.03607,784.948109728288,17.29,0.0,0.0,21.4,W1,1.0,50.29,,83.95,,,LOW,0,0,0,0.0,Highly Feasible
90,MOTI NAGAR,MOTI NAGAR,223.7314483202747,59046,4349,,,,,0.1976096515099177,42.40119572430984,0.0418008279769304,0.9370390430604284,0.0014707277979088,0.0196894011647325,9.85,7247,105748,0.04727,754.7288634400234,19.76,0.0,0.0,1100.3,W1,1.0,57.18,,71.88,,,LOW,0,0,0,0.0,Highly Feasible
91,RAMESH NAGAR,MOTI NAGAR,236.15989640080068,72577,7801,,,,,0.2170964752614282,42.6370502663731,0.0645912928526433,0.9277728511113716,0.0044620630545801,0.0031737929814042,12.11,8908,129981,0.05504,742.6583849407642,23.0,0.0,0.0,837.1,W1,1.0,54.77,,71.03,,,LOW,0,0,0,0.0,Highly Feasible
92,PUNJABI BAGH,MADIPUR,368.0184158428578,69946,9880,,,,,0.2411671223780908,41.72521664605837,0.1423901866078725,0.8040337584201823,0.012915235527443,0.0406608194445021,3.81,1133,18138,0.00493,752.3074021330485,14.7,0.0,0.0,254.0,W1,1.0,49.28,,79.77,,,LOW,0,0,0,0.0,Highly Feasible
93,MADIPUR,MADIPUR,148.89218392775172,71727,34405,,,,,0.2500706548310443,41.84993661620241,0.1189697625824049,0.827188396490837,0.0160651685162237,0.0377766724105344,3.91,1162,18599,0.01249,752.3074021330485,9.82,0.0,0.0,1005.4,W1,1.0,50.21,,76.51,,,LOW,0,0,0,0.0,Highly Feasible
94,RAGHUBIR NAGAR,MADIPUR,133.0525683047142,78369,20161,,,,,0.2146825971851824,42.21428046093168,0.064635245035926,0.9002922021459363,0.0021902569856103,0.0328822958325272,4.27,1269,20322,0.01527,750.9978926569528,16.07,0.0,0.0,750.9,W1,1.0,55.0,,75.51,,,LOW,0,0,0,0.0,Highly Feasible
98,SUBHASH NAGAR,HARI NAGAR,250.26693570523437,59595,4633,,,,,0.2684148720219427,42.29950536252998,0.1420010065507222,0.8325774807607568,0.0127021439780926,0.0127193687104281,5.93,1773,379423,0.15161,740.763042277994,25.55,0.0,0.0,2256.9,W1,1.0,48.18,,59.66,,,LOW,0,0,0,0.0,General Greening Opportunity
99,HARI NAGAR,HARI NAGAR,301.6600913631664,74020,7847,,,,,0.2412125710063294,42.61827309924098,0.1314551088094959,0.8410522320909044,0.0128850206147861,0.0146076384848132,7.37,2202,471263,0.15622,740.763042277994,32.83,0.0,0.0,2400.1,W1,1.0,50.84,,55.56,,,LOW,0,0,0,0.0,General Greening Opportunity
114,NAWADA,UTTAM NAGAR,223.8160822687441,86959,7407,,,,,0.1075043414489829,43.38533380379811,0.0048330924684308,0.9693168825676114,0.0024165462342154,0.0234334787297425,0.0,0,0,0.0,712.5881787803473,15.93,0.0,283.3,1175.3,W2,1.35,63.47,,53.28,,,LOW,0,0,0,0.0,General Greening Opportunity
137,MAHAVIR ENCLAVE,PALAM,149.4613834517814,67473,9134,,,,,0.1384465432083962,42.9985446288064,0.0277052835792735,0.946080518080258,0.0002665452056749,0.0259476531347937,0.27,60,90252,0.06038,732.1546799751544,28.35,0.0,0.0,599.0,W1,1.0,61.1,,69.28,,,LOW,0,0,0,0.0,General Greening Opportunity
40,NITHARI,KIRARI,397.6012932255808,63982,6447,,,,,0.1701529363953286,40.99910929604829,0.0333885550426776,0.5488829487801059,0.2217411663345739,0.1959873298426427,0.19,65,3387,0.00085,733.5583860135289,3.44,0.0,0.0,74.2,W1,1.0,60.03,,83.73,,,LOW,0,0,0,0.0,Highly Feasible
11,TIMARPUR,TIMARPUR,492.86468523003504,76596,14624,,,,,0.2700614544563318,41.04426554120729,0.2698133167357958,0.6588649320445393,0.0287769148095662,0.0425448364100985,5.44,1599,75719,0.01536,849.3161219904865,7.46,0.0136,0.0,54.1,W1,1.0,45.87,,94.92,,,LOW,0,0,0,0.0,Highly Feasible
131,BIJWASAN,BIJWASAN,1209.1895363269764,47291,7015,,,,,0.404038465948543,41.67035374348062,0.4079242851744473,0.3305804941570104,0.1994788334632929,0.0620163872052497,1.11,1042,39511,0.00327,702.4405734140621,53.36,0.0,0.0,1286.4,W1,1.0,28.5,,50.48,,,LOW,0,0,0,0.0,General Greening Opportunity
133,MAHIPALPUR,BIJWASAN,1842.5803668618937,65162,11490,,,,,0.258237341048925,44.48340790418966,0.1719053080205126,0.5813079065713348,0.070380540058444,0.1764062453497048,1.53,1436,54442,0.00295,721.6539862449615,36.97,0.0531,0.0,23.7,W1,1.0,57.07,,68.0,,,LOW,0,0,0,0.0,General Greening Opportunity
142,DARYAGANJ,JANGPURA,1276.7591162496649,44956,8037,,,,,0.3749526570553693,40.80551170866622,0.4545729909475411,0.3963064224665608,0.0637286750017107,0.0853919115841873,5.99,2786,41719,0.00327,827.6768093089116,8.01,0.0009,0.0,308.8,W1,1.0,32.19,,90.6,,,LOW,0,0,0,0.0,Highly Feasible
143,SIDHARTHA NAGAR,JANGPURA,407.4076243796705,52058,12208,,,,,0.3470209331862749,40.9830833058963,0.2806919139843949,0.4563346748092782,0.127269854383159,0.1357035568231682,6.94,3226,48309,0.01186,811.3755658119917,6.2,0.0104,0.0,288.9,W1,1.0,42.7,,89.6,,,LOW,0,0,0,0.0,Highly Feasible
144,LAJPAT NAGAR,JANGPURA,225.68738416700967,53035,6325,,,,,0.3297514694161402,41.33722062573815,0.3101751822507761,0.6757835666297429,0.0005320302186209,0.0135092209008592,7.07,3286,49216,0.02181,821.8434506679577,8.95,0.0,0.0,838.3,W1,1.0,39.57,,85.8,,,LOW,0,0,0,0.0,Highly Feasible
151,MUNIRKA,R K PURAM,278.8610523790675,64543,8943,,,,,0.3740521800601928,40.680098677725866,0.3556426596094543,0.6344091216066332,0.0043457348629906,0.0056024839209218,8.86,4021,103025,0.03694,783.6386219412088,18.46,0.0021,0.0,1162.9,W1,1.0,31.35,,75.19,,,LOW,0,0,0,0.0,Highly Feasible
160,SAID-UL-AJAIB,CHHATARPUR,2579.821711893413,70967,8905,,,,,0.4448649052440128,40.81156893399813,0.3578779198452568,0.2264423193100042,0.1097744885048435,0.305905272339898,3.08,1199,332360,0.01288,779.8477492085748,51.58,0.7908,0.0,614.5,W1,1.0,37.06,,56.72,,,LOW,0,0,0,0.0,General Greening Opportunity
158,BHATI,CHHATARPUR,5587.992757617903,71373,11057,,,,,0.4375963432795553,41.81131144638503,0.3245293280483924,0.148234784268369,0.1657201378276697,0.3615157498555691,3.1,1206,334262,0.00598,756.056652298999,47.52,0.642,0.0,866.7,W1,1.0,42.18,,55.49,,,LOW,0,0,0,0.0,General Greening Opportunity
157,AYA NAGAR,CHHATARPUR,1548.1759972150703,51783,7027,,,,,0.4046170011533122,42.03055899162709,0.3068415439427983,0.2553265488752838,0.1215723934957983,0.316259513686118,2.25,875,242516,0.01566,735.544211472337,53.67,0.5012,0.0,94.0,W1,1.0,42.45,,57.48,,,LOW,0,0,0,0.0,General Greening Opportunity
159,CHHATARPUR,CHHATARPUR,1094.4016943449371,58988,8849,,,,,0.4383181666507268,39.881807066401606,0.5318253653311082,0.3210577760016975,0.0905040130996891,0.0566128455675052,2.56,997,276259,0.02524,771.4747847728685,48.89,0.0975,0.0,872.7,W1,1.0,19.48,,62.03,,,LOW,0,0,0,0.0,General Greening Opportunity
167,KHANPUR,AMBEDKAR NAGAR,270.9187320245844,64453,9414,,,,,0.3401327271751238,41.1114654913436,0.3616510448984646,0.6054052472161662,0.021731587419581,0.0112121204657888,0.97,162,7741,0.00286,797.9020340522694,44.74,0.0,0.0,1211.4,W1,1.0,34.88,,65.3,,,LOW,0,0,0,0.0,General Greening Opportunity
177,HARKESH NAGAR,TUGHLAKABAD,389.6594160795605,65932,16071,,,,,0.23670875408446,42.55930098211788,0.1062666098157202,0.8756891492444971,0.0021484065188682,0.0158958344209144,27.52,7791,186524,0.04787,777.7293200178816,20.19,0.0085,0.0,776.5,W1,1.0,54.06,,76.48,,,LOW,0,0,0,0.0,Highly Feasible
179,PUL PEHLADPUR,TUGHLAKABAD,551.2737375152299,69724,17853,,,,,0.3398807147441275,41.68425604697656,0.3149408753167411,0.5744687778747078,0.020505903084189,0.090084443724362,29.11,8239,197252,0.03578,795.1291946874435,34.98,0.239,0.0,444.1,W1,1.0,40.59,,72.19,,,LOW,0,0,0,0.0,Highly Feasible
178,TUGHLAKABAD,TUGHLAKABAD,645.7160130324169,63172,8944,,,,,0.3437235133443936,42.00774267909721,0.305075489238038,0.5093767568735574,0.0840396729470057,0.1015080809413991,26.37,7465,178716,0.02768,776.9614596366882,32.6,0.3061,0.0,617.5,W1,1.0,41.42,,69.28,,,LOW,0,0,0,0.0,General Greening Opportunity
184,JAITPUR,BADARPUR,366.9323453577729,62317,4642,,,,,0.2458637957982838,42.06866323039848,0.1121022357916377,0.4240967522901069,0.1760583420553805,0.287742669862875,0.93,506,19028,0.00519,797.1036638272905,7.2,0.0,0.0,551.8,W1,1.0,61.68,,85.82,,,LOW,0,0,0,0.0,Highly Feasible
182,MEETHAPUR,BADARPUR,194.7323719068445,69837,6727,,,,,0.1425552992511485,42.639730263606914,0.0355225241016651,0.8645240515838241,0.023855765619131,0.0760976586953799,1.04,567,21324,0.01095,808.9054067730904,12.29,0.0,0.0,170.9,W1,1.0,65.38,,87.68,,,LOW,0,0,0,0.0,Highly Feasible
181,MOLARBAND,BADARPUR,137.76710732398163,66525,8292,,,,,0.1620231621714015,42.207118084717735,0.081877822633406,0.8982484025020707,0.0054446060052667,0.0144291688592553,0.99,540,20313,0.01474,806.5364045671055,19.1,0.0,0.0,359.2,W1,1.0,59.25,,83.19,,,LOW,0,0,0,0.0,Highly Feasible
180,BADARPUR,BADARPUR,246.67508173005763,70836,20750,,,,,0.2963864524415879,42.46119076884791,0.3361915784804352,0.5851928710003905,0.0152766553560548,0.0633388951631201,1.05,575,21629,0.00877,800.7492207458358,17.06,0.0,0.0,806.1,W1,1.0,43.3,,80.24,,,LOW,0,0,0,0.0,Highly Feasible
183,HARI NAGAR EXTENSION,BADARPUR,159.25868894672556,66979,5570,,,,,0.1419417741161274,42.50772678474754,0.0394469599475758,0.8660031561120797,0.0140929582579998,0.0804569256823439,1.0,544,20452,0.01284,797.9971779552706,10.36,0.0,0.0,510.5,W1,1.0,64.32,,84.88,,,LOW,0,0,0,0.0,Highly Feasible
185,MADANPUR KHADAR EAST,OKHLA,655.2164884040607,55119,16500,,,,,0.3298134269409422,41.74099243600831,0.2942745295866624,0.271261236410887,0.2572584098814366,0.1772058241210128,1.55,562,23393,0.00357,796.712013065815,8.41,0.0,0.0,784.2,W1,1.0,46.06,,83.62,,,LOW,0,0,0,0.0,Highly Feasible
186,MADANPUR KHADAR WEST,OKHLA,305.445464044043,56323,7091,,,,,0.3053592075473051,41.82283774434699,0.1997843135872826,0.522328413641172,0.1212631816373071,0.1566240911342374,1.59,574,23904,0.00783,788.8471960152921,13.58,0.0,0.0,1114.3,W1,1.0,49.87,,78.21,,,LOW,0,0,0,0.0,Highly Feasible
187,SARITA VIHAR,OKHLA,548.1782659913108,55385,5399,,,,,0.3330612639102356,40.60420597198836,0.2604401240266753,0.6823515270812966,0.0352424522185747,0.0219658966734552,1.56,564,23506,0.00429,793.5786667782194,11.69,0.0085,0.0,0.4,W1,1.0,38.54,,87.35,,,LOW,0,0,0,0.0,Highly Feasible
188,ABUL FAZAL ENCLAVE,OKHLA,336.53073005549953,76012,1557,,,,,0.2227588919844277,39.523377194262906,0.1947216502820966,0.5785450371390835,0.0270103061073263,0.1997230064714935,2.14,774,32260,0.00959,810.3678562777434,9.22,0.0887,0.0,173.7,W1,1.0,49.49,,88.24,,,LOW,0,0,0,0.0,Highly Feasible
189,ZAKIR NAGAR,OKHLA,458.35351987278585,76470,699,,,,,0.3665666413494353,39.18417260041896,0.3601580207572911,0.3908649600411211,0.090502572105066,0.1584744470965217,2.16,779,32455,0.00708,811.3755658119917,8.33,0.0,0.0,223.4,W1,1.0,33.71,,89.26,,,LOW,0,0,0,0.0,Highly Feasible
192,TRILOKPURI,TRILOKPURI,97.9929022366436,88792,47282,,,,,0.2516048316204802,41.13777436803395,0.0659981114319033,0.9110014280001372,0.0014248072918204,0.0215756532761388,3.68,1111,19635,0.02004,837.8028646889387,10.51,0.0,0.0,353.6,W1,1.0,54.81,,90.36,,,LOW,0,0,0,0.0,Highly Feasible
190,NEW ASHOK NAGAR,TRILOKPURI,143.53538404100888,63870,4961,,,,,0.2178919994282236,40.314320657869466,0.1982854988536382,0.735079763099867,0.0026549341773594,0.063979803869135,2.64,799,14124,0.00984,830.1877759670623,10.2,0.0,0.0,108.6,W1,1.0,48.91,,91.38,,,LOW,0,0,0,0.0,Highly Feasible
191,MAYUR VIHAR PHASE-I,TRILOKPURI,177.05160546286012,88878,24363,,,,,0.2913827630445421,40.8970227716638,0.1948955885777185,0.7732795664782707,0.0038797072458246,0.0279451376981859,3.68,1112,19654,0.0111,827.2052975835792,10.23,0.0,0.0,582.8,W1,1.0,46.08,,87.67,,,LOW,0,0,0,0.0,Highly Feasible
197,PATPAR GANJ,PATPARGANJ,982.4508084048888,58762,7093,,,,,0.3595390931528617,38.732398853963794,0.1930411009786232,0.2217844472690707,0.3868486054543691,0.1983258462979363,2.37,1197,46486,0.00473,814.031550812384,7.73,0.0006,0.0,846.3,W1,1.0,43.37,,85.39,,,LOW,0,0,0,0.0,Highly Feasible
196,MAYUR VIHAR PHASE-II,PATPARGANJ,252.58390679276263,55663,10835,,,,,0.2887537708219007,41.71739078122256,0.230537749173296,0.661854566872609,0.0286636201461658,0.078944063807929,2.25,1134,44035,0.01743,832.1442895824293,12.7,0.0159,0.0,302.6,W1,1.0,48.67,,89.0,,,LOW,0,0,0,0.0,Highly Feasible
198,VINOD NAGAR,PATPARGANJ,102.33058553673123,58936,5864,,,,,0.2046915414011467,42.70300204143387,0.0704229955492755,0.9123289743267192,0.0015505896991437,0.0156974404248615,2.38,1200,46624,0.04556,821.3792427004801,10.22,0.0,0.0,638.4,W1,1.0,59.98,,86.63,,,LOW,0,0,0,0.0,Highly Feasible
199,MANDAWALI,PATPARGANJ,63.39214966127084,49753,6804,,,,,0.1365029920051624,42.80420510183607,0.0570907838270918,0.8914976396934724,0.0,0.0514115764794356,2.01,1013,39359,0.06209,820.4253306195596,11.5,0.0,314.4,702.7,W2,1.35,64.95,,70.53,,,LOW,0,0,0,0.0,Highly Feasible
208,ANARKALI,KRISHNA NAGAR,90.60698044180911,57322,5866,,,,,0.0970778787168206,44.07970158927781,0.0014497009398908,0.9966810386275012,0.0,0.0018692604326076,0.9,404,12562,0.01386,820.1062063675431,11.32,0.0,51.5,1156.0,W1,1.0,71.38,,82.35,,,LOW,0,0,0,0.0,Highly Feasible
209,JAGAT PURI,KRISHNA NAGAR,103.14226321926712,76170,5932,,,,,0.1245286763531782,43.881430743764746,0.0140757138261768,0.9835945128508696,0.0,0.0023297733229534,1.2,537,16692,0.01618,820.2324397526564,10.01,0.0,0.0,1472.5,W1,1.0,69.01,,80.68,,,LOW,0,0,0,0.0,Highly Feasible
210,GEETA COLONY,KRISHNA NAGAR,105.18521421660697,59249,4782,,,,,0.2162599349860135,42.66833478789556,0.0999794195109002,0.8631546608842448,0.0277612901878789,0.0091046294169756,0.93,418,12984,0.01234,820.2218709090064,8.93,0.0,0.0,774.6,W1,1.0,57.92,,86.08,,,LOW,0,0,0,0.0,Highly Feasible
211,KRISHNA NAGAR,KRISHNA NAGAR,230.78842473069187,61458,3690,,,,,0.2083393495746016,42.53984945802064,0.1039504678442494,0.7787189649449984,0.048786694769295,0.0685438724414569,0.97,433,13468,0.00584,820.117476043971,10.32,0.0,0.0,1116.4,W1,1.0,59.52,,83.06,,,LOW,0,0,0,0.0,Highly Feasible
213,SHASTRI PARK,GANDHI NAGAR,302.9266148975378,68530,6720,,,,,0.293621000272229,42.33359009304816,0.2298875919501121,0.5445285224820642,0.1243176302146642,0.1012662553531586,2.78,1883,40089,0.01323,830.0735243024452,7.58,0.0622,0.0,772.3,W1,1.0,51.22,,87.15,,,LOW,0,0,0,0.0,Highly Feasible
212,GANDHI NAGAR,GANDHI NAGAR,202.70977954262716,62052,7127,,,,,0.1797810986532802,41.66123536315702,0.1264633120954541,0.7214285452743385,0.0572746304248661,0.0948335122053405,2.52,1705,36300,0.01791,820.917725715547,8.51,0.0,0.0,444.2,W1,1.0,58.26,,88.68,,,LOW,0,0,0,0.0,Highly Feasible
214,AZAD NAGAR,GANDHI NAGAR,107.66599822359488,66674,6994,,,,,0.1300238889104226,43.65841694696071,0.0451730036136067,0.9119070240576308,0.0055824094992907,0.0373375628294715,2.7,1832,39003,0.03623,820.0928476779238,11.68,0.0,16.1,654.1,W1,1.0,67.74,,85.76,,,LOW,0,0,0,0.0,Highly Feasible
217,DILSHAD COLONY,SHAHDARA,177.97073128980142,76598,10854,,,,,0.2662383415851504,43.69853219721259,0.1735111865936492,0.8149248688163626,0.0003968020202446,0.0111671425697432,4.18,2178,34075,0.01915,851.0089715460822,15.4,0.0,0.0,305.6,W1,1.0,56.69,,90.09,,,LOW,0,0,0,0.0,Highly Feasible
216,JHILMIL,SHAHDARA,245.63292845321175,68555,11476,,,,,0.2305296430784572,44.09005621132568,0.1079536067674706,0.8783157671869412,0.0027403829959916,0.0109902430495963,3.74,1949,30497,0.01242,846.0421188590668,14.33,0.0,0.0,548.0,W1,1.0,62.11,,88.28,,,LOW,0,0,0,0.0,Highly Feasible
215,SHAHDARA,SHAHDARA,114.18610992031704,69110,16796,,,,,0.1240775743810201,44.2460308926895,0.0185908344167253,0.9767309892826412,0.0019423156487974,0.0027358606518355,3.77,1965,30744,0.02692,820.0928476779238,13.73,0.0,0.0,740.0,W1,1.0,69.84,,84.28,,,LOW,0,0,0,0.0,Highly Feasible
220,NAND NAGRI,SEEMA PURI,182.6498990131236,73753,36402,,,,,0.319822031582394,42.5480248658564,0.2285081652201999,0.6913150650787059,0.058272307683428,0.0219044620176654,7.95,3637,83119,0.04551,846.7514544879672,17.63,0.0,0.0,1001.0,W1,1.0,48.99,,83.74,,,LOW,0,0,0,0.0,Highly Feasible
218,SUNDAR NAGRI,SEEMA PURI,105.19118960256604,83935,20704,,,,,0.2370953956294599,43.24515262996788,0.1002088132971117,0.8039761919371666,0.0478894609716233,0.0479255337940985,9.05,4139,94593,0.08992,851.0089715460822,16.58,0.0,28.2,610.7,W1,1.0,61.42,,87.43,,,LOW,0,0,0,0.0,Highly Feasible
221,ASHOK NAGAR,ROHTAS NAGAR,108.8915731390812,59850,13216,,,,,0.1711512659751352,44.04891992055686,0.055461410000612,0.9263446949050208,0.0065571906177666,0.0116367044766,0.99,128,1502,0.00138,820.0928476779238,20.58,0.0,19.4,1313.3,W1,1.0,65.72,,77.3,,,LOW,0,0,0,0.0,Highly Feasible
223,ROHTASH NAGAR,ROHTAS NAGAR,112.23897122599426,55550,12468,,,,,0.1389395111274493,44.67033772820059,0.0270791299421483,0.9644543824951132,0.0003564836868521,0.0081100038758863,0.92,118,1394,0.00124,820.0928476779238,16.51,0.0,0.0,800.8,W1,1.0,70.06,,82.67,,,LOW,0,0,0,0.0,Highly Feasible
224,WELCOME COLONY,ROHTAS NAGAR,139.57433508420337,65707,10033,,,,,0.1844428848472696,43.84837934611654,0.0703948795986107,0.8704077589984309,0.0033556436270069,0.0558417177759517,1.09,140,1649,0.00118,820.0928476779238,14.42,0.0,0.0,340.3,W1,1.0,65.09,,86.82,,,LOW,0,0,0,0.0,Highly Feasible
227,CHAUHAN BANGER,SEELAMPUR,54.03295423627499,58344,124,,,,,0.0854980839600606,43.112872448693786,0.0133645463537866,0.9367806561943955,0.0,0.0498547974518178,1.23,459,14015,0.02594,820.0928476779238,13.49,0.0,0.0,311.2,W1,1.0,70.07,,87.42,,,LOW,0,0,0,0.0,Highly Feasible
225,SEELAMPUR,SEELAMPUR,74.28573433673708,63039,7542,,,,,0.1487681303148815,43.10003628558329,0.0185967352764111,0.8531081611713516,0.0153108639386779,0.1129842396135594,1.33,496,15143,0.02038,820.0928476779238,10.23,0.0,0.0,447.1,W1,1.0,68.7,,87.84,,,LOW,0,0,0,0.0,Highly Feasible
226,GAUTAM PURI,SEELAMPUR,387.3562476777544,51072,7144,,,,,0.355531045494982,41.43469591520704,0.1271261270316835,0.2404150365570707,0.4357408089554572,0.1967180274557876,1.08,402,12268,0.00317,831.9629582938641,7.0,0.0,0.0,548.8,W1,1.0,55.15,,89.81,,,LOW,0,0,0,0.0,Highly Feasible
230,BHAJANPURA,GHONDA,519.2614888853944,57248,9295,,,,,0.3987132320993007,40.21272206962977,0.482238682525746,0.2394195606510531,0.1294407637183331,0.1489009931048673,0.0,0,0,0.0,839.0611365835423,10.33,0.3693,0.0,361.1,W1,1.0,31.01,,86.83,,,LOW,0,0,0,0.0,Highly Feasible
232,YAMUNA VIHAR,GHONDA,137.1095159916791,53966,3791,,,,,0.2020435224345623,42.005565846936285,0.0607754704353589,0.9142883341488824,0.000696364573238,0.0242398308425203,0.0,0,0,0.0,824.8284601809416,24.72,0.0,0.0,210.3,W1,1.0,59.06,,83.9,,,LOW,0,0,0,0.0,Highly Feasible
231,GHONDA,GHONDA,66.02293805302601,65273,10923,,,,,0.0896509967092888,42.795315658907406,0.0004556147821684,0.9494309282034484,0.0,0.0501134570143831,0.0,0,0,0.0,820.0928476779238,16.03,0.0,79.5,308.7,W1,1.0,69.6,,86.36,,,LOW,0,0,0,0.0,Highly Feasible
229,BRAHAM PURI,GHONDA,255.87182103779065,66203,7166,,,,,0.3872789541671124,40.43431082810009,0.1708631204343716,0.3086470904568464,0.4117932002222214,0.1086965888865597,0.0,0,0,0.0,833.2343298403795,6.83,0.0262,0.0,505.1,W1,1.0,46.46,,90.07,,,LOW,0,0,0,0.0,Highly Feasible
233,SUBHASH MOHALLA,BABARPUR,66.91474695869348,57209,2236,,,,,0.114476643654597,42.7273474468912,0.0134326125462242,0.9491560743034124,0.0,0.037411313150363,0.48,2129,26068,0.03896,820.0928476779238,23.93,0.0,0.0,280.8,W1,1.0,67.33,,83.21,,,LOW,0,0,0,0.0,Highly Feasible
234,KABIR NAGAR,BABARPUR,66.34867276640878,54811,4070,,,,,0.1020039086840203,43.82257537347248,0.0070356853323637,0.9764087507557692,7.343026523130241e-05,0.0164821336466358,0.46,2040,24975,0.03764,820.0928476779238,21.81,0.0,0.0,141.4,W1,1.0,70.6,,85.1,,,LOW,0,0,0,0.0,Highly Feasible
236,KARDAM PURI,BABARPUR,144.1453958864204,64940,4648,,,,,0.1982872305324706,43.80182981427844,0.1182468168115976,0.8200918190024922,0.0384645408329097,0.023196823353001,0.54,2417,29590,0.02053,820.0928476779238,22.18,0.0,0.0,620.6,W1,1.0,61.46,,81.54,,,LOW,0,0,0,0.0,Highly Feasible
235,GORAKH PARK,BABARPUR,72.25336096241188,63353,3295,,,,,0.167452447780431,43.59287037282491,0.0577283239206087,0.9146112542017724,0.0098950830168362,0.0177653388607827,0.53,2358,28867,0.03995,820.0928476779238,17.28,0.0,0.0,620.5,W1,1.0,64.74,,83.62,,,LOW,0,0,0,0.0,Highly Feasible
237,HARSH VIHAR,GOKALPUR,267.745329902264,78698,31746,,,,,0.1702702268459116,43.3811568288774,0.0548016436540321,0.8475902078546731,0.0402148850690728,0.0573932634222216,0.27,196,4579,0.00171,848.9538694071282,17.76,0.0,0.0,0.0,W1,1.0,67.05,,91.03,,,LOW,0,0,0,0.0,Highly Feasible
238,SABOLI,GOKALPUR,170.39300404273354,71019,22218,,,,,0.1119563515259668,45.01548714956877,0.0265817913354905,0.92538350516607,0.0115465038706255,0.0364881996278137,0.24,177,4132,0.00242,844.1510135979921,20.15,0.0,155.1,799.5,W1,1.0,74.47,,83.81,,,LOW,0,0,0,0.0,Highly Feasible
239,GOKAL PURI,GOKALPUR,156.34554129903918,73943,33590,,,,,0.2004857828167039,43.43461542284576,0.1003801336466696,0.8573086497571375,0.0215508839056801,0.0207603326905126,0.25,184,4302,0.00275,837.0650929894911,25.58,0.0,0.0,185.4,W1,1.0,61.95,,85.07,,,LOW,0,0,0,0.0,Highly Feasible
240,JOHARIPUR,GOKALPUR,130.64771809697703,71269,21411,,,,,0.1030640421433055,43.9794835466024,0.0025558971847201,0.9430997794426192,0.0119423534383506,0.0424019699343106,0.24,178,4147,0.00317,837.4567601889889,24.54,0.0,0.0,1014.0,W1,1.0,72.94,,79.68,,,LOW,0,0,0,0.0,Highly Feasible
241,KARAWAL NAGAR-EAST,MUSTAFABAD,121.82345267914536,65474,14352,,,,,0.1029094119814288,42.78375050501819,0.0052297037648911,0.9638538398839244,0.0,0.0309164563511843,0.0,0,0,0.0,837.4567601889889,19.91,0.0,0.0,2116.6,W1,1.0,69.17,,73.82,,,LOW,0,0,0,0.0,Highly Feasible
242,DAYALPUR,MUSTAFABAD,119.44619066990856,54188,11316,,,,,0.1092363990886178,42.99132414830616,0.0047571965365784,0.9594092891443956,0.0,0.035833514319026,0.0,0,0,0.0,837.4567601889889,19.84,0.0,0.0,1429.2,W1,1.0,69.6,,78.73,,,LOW,0,0,0,0.0,Highly Feasible
243,MUSTAFABAD,MUSTAFABAD,44.51142569368572,55586,385,,,,,0.0659810275938194,42.99893722743739,0.0,0.970479468572556,0.0,0.0295205314274438,0.0,0,0,0.0,837.4567601889889,25.88,0.0,12.3,1099.6,W1,1.0,71.67,,78.5,,,LOW,0,0,0,0.0,Highly Feasible
245,BRIJ PURI,MUSTAFABAD,59.06347037187373,63040,4075,,,,,0.0841945801288976,42.69352382724798,0.0094669221232953,0.9563673006675902,0.0008452609038656,0.0333205163052485,0.0,0,0,0.0,837.4567601889889,28.05,0.0,0.0,981.9,W1,1.0,69.68,,78.42,,,LOW,0,0,0,0.0,Highly Feasible
248,KARAWAL NAGAR-WEST,KARAWAL NAGAR,156.4754082813785,69926,8413,,,,,0.103047307646769,42.99035109106253,0.0034704639399176,0.9555523174001088,0.0003186778194738,0.0406585408404996,0.0,0,0,0.0,837.4567601889889,15.44,0.0,0.0,707.8,W1,1.0,70.08,,85.71,,,LOW,0,0,0,0.0,Highly Feasible
247,SADATPUR,KARAWAL NAGAR,110.69759383236718,60181,5739,,,,,0.097066150411163,42.726890260575765,0.0030748998795575,0.9577912359324215,0.0,0.0391338641880207,0.0,0,0,0.0,837.4567601889889,19.82,0.0,0.0,776.0,W1,1.0,69.61,,83.37,,,LOW,0,0,0,0.0,Highly Feasible
246,SRI RAM COLONY,KARAWAL NAGAR,107.45902259406893,83347,3146,,,,,0.0960390092749712,42.96373429713165,0.027125251490707,0.9149337698584652,0.0004840147473129,0.057456963903515,0.0,0,0,0.0,839.4048593644059,17.32,0.001,0.0,622.6,W1,1.0,69.84,,85.73,,,LOW,0,0,0,0.0,Highly Feasible
249,SONIA VIHAR,KARAWAL NAGAR,350.1861999917415,65031,6071,,,,,0.3370104389921077,41.17416366672928,0.3437699919162908,0.3803968319553525,0.1345471831309573,0.1412859929973988,0.0,0,0,0.0,845.9786578584726,12.61,0.1765,0.0,708.8,W1,1.0,42.96,,86.09,,,LOW,0,0,0,0.0,Highly Feasible
222,RAM NAGAR EAST,ROHTAS NAGAR,95.619702256187,59874,13201,,,,,0.1363588226674545,44.108768306283736,0.0188499079913295,0.9766368375212016,0.0008349541266379,0.0036783003608311,0.99,128,1502,0.00157,822.5403741508195,16.18,0.0,26.0,615.8,W1,1.0,69.04,,84.39,,,LOW,0,0,0,0.0,Highly Feasible
228,MAUJPUR,SEELAMPUR,93.18195310463408,63960,4461,,,,,0.0844513595931044,43.41756743624568,0.0025403076861011,0.9620332210891342,0.0,0.0354264712247644,1.35,503,15364,0.01649,820.0928476779238,19.44,0.0,0.0,245.4,W1,1.0,71.04,,85.36,,,LOW,0,0,0,0.0,Highly Feasible
244,NEHRU VIHAR,MUSTAFABAD,104.0470838433202,73213,6021,,,,,0.0852711061162868,42.480824894562666,0.0008667278474558,0.9637307441019076,0.0,0.0354025280506365,0.0,0,0,0.0,837.4567601889889,24.11,0.0,39.9,1422.6,W1,1.0,69.49,,76.96,,,LOW,0,0,0,0.0,Highly Feasible
250,SABAPUR,KARAWAL NAGAR,1368.825730294919,42819,3852,,,,,0.3005626025005667,40.492025298622025,0.0861383709652777,0.166273230086561,0.5834322121133818,0.1641561868347794,0.0,0,0,0.0,843.7801200659605,6.27,0.033,0.0,629.3,W1,1.0,57.61,,90.54,,,LOW,0,0,0,0.0,Highly Feasible
153,VASANT VIHAR,R K PURAM,744.1875260316551,55960,9430,,,,,0.428383335571469,40.45920091509243,0.4919889679072142,0.4200614565126082,0.0191297508416146,0.0688198247385634,7.68,3487,89325,0.012,780.1223829759498,22.6,0.2897,0.0,1124.4,W1,1.0,23.71,,70.44,,,LOW,0,0,0,0.0,Highly Feasible
219,DILSHAD GARDEN,SEEMA PURI,186.8799056112396,79248,15189,,,,,0.2862139645270366,42.65080625933019,0.1729103716795161,0.7920468112291926,0.0072154805541488,0.0278273365371393,4.32,2253,35254,0.01886,850.0095278865514,16.19,0.0,0.0,507.7,W1,1.0,53.39,,88.21,,,LOW,0,0,0,0.0,Highly Feasible
165,MADANGIR,AMBEDKAR NAGAR,52.34862776081874,52695,23458,,,,,0.2274676250796332,40.92945484741176,0.1116938615483819,0.8661528011090152,0.0,0.022153337342603,0.79,133,6328,0.01209,798.2381648570299,46.69,0.0,312.3,1619.8,W2,1.35,51.1,,46.61,,,LOW,0,0,0,0.0,General Greening Opportunity
166,PUSHP VIHAR,AMBEDKAR NAGAR,241.5952284660509,82509,29433,,,,,0.388609660945026,40.96011472723048,0.3693859920730703,0.5898089296206629,0.0118538239675446,0.0289512543387222,1.24,208,9909,0.0041,798.2381648570299,48.53,0.0,0.0,974.6,W1,1.0,32.32,,65.41,,,LOW,0,0,0,0.0,General Greening Opportunity
1,NARELA,NARELA,701.6756300784231,54908,11618,,,,,0.2523760183457368,43.73145921523626,0.0466346008315105,0.4716619922451779,0.4170455407314705,0.0646578661918412,0.0,0,0,0.0,731.3813784688543,19.29,0.0,0.0,637.7,W1,1.0,60.46,,72.77,,,LOW,0,0,0,0.0,Highly Feasible
110,KUNWAR SINGH NAGAR,VIKASPURI,1425.4568101054056,55270,10830,,,,,0.3483370659994114,41.33642554503493,0.0973612847273944,0.3033627991511931,0.5341060859587228,0.0651698301626917,0.84,325,535599,0.03757,717.6473947390039,6.99,0.0,0.0,278.1,W1,1.0,47.13,,79.01,,,LOW,0,0,0,0.0,Highly Feasible
109,VIKAS NAGAR,VIKASPURI,207.5230969418924,51864,6999,,,,,0.1895552774650059,42.15999853429103,0.0861595406667745,0.8207991237484975,0.0091734478172328,0.0838678877674956,0.79,305,502593,0.24219,724.6896781931921,10.49,0.0,0.0,604.2,W1,1.0,55.04,,75.99,,,LOW,0,0,0,0.0,Highly Feasible
108,HASTSAL,VIKASPURI,184.7777249979936,68864,9374,,,,,0.1704287706831836,43.30814453032937,0.1020725859311057,0.8329023759471019,0.0120357461852736,0.0529892919365191,1.05,404,667333,0.36115,733.4250699179248,15.79,0.0,0.0,115.0,W1,1.0,57.98,,78.19,,,LOW,0,0,0,0.0,Highly Feasible
107,VIKAS PURI,VIKASPURI,271.88404657570595,74846,12043,,,,,0.2868500391155663,41.69898789131706,0.1965499495459128,0.745996684445725,0.0152633703329969,0.0421899956753639,1.14,439,725302,0.26677,734.7484821915878,14.74,0.0117,0.0,273.5,W1,1.0,43.72,,77.54,,,LOW,0,0,0,0.0,Highly Feasible
112,SAINIK ENCLAVE,VIKASPURI,292.6105876486976,88571,7262,,,,,0.1400391137667361,42.561450786902846,0.0587857750154549,0.8759614615128054,0.0173459177529796,0.0479068457187605,1.35,520,858305,0.29333,705.5632920484201,9.63,0.0,0.0,738.2,W1,1.0,57.65,,73.28,,,LOW,0,0,0,0.0,Highly Feasible
111,BAPROLA,VIKASPURI,391.6276818594464,54328,7657,,,,,0.2407325851258545,41.86536150744222,0.1170882847030448,0.6870794421042076,0.0976997527657026,0.098132520427044,0.83,319,526470,0.13443,705.7014689815487,9.63,0.0,0.0,140.5,W1,1.0,50.33,,77.53,,,LOW,0,0,0,0.0,Highly Feasible
117,DABRI,DWARKA,154.27491885697648,66907,8083,,,,,0.1145302238195694,42.845770874068805,0.010785859387852,0.9752008371341044,0.000128875390385,0.0138844280876585,1.25,191,8418,0.00546,735.6338742855257,28.36,0.0,0.0,1054.1,W1,1.0,62.41,,66.44,,,LOW,0,0,0,0.0,General Greening Opportunity
118,SAGARPUR,DWARKA,109.59540705415644,78790,8447,,,,,0.1617701239746903,41.95975120362338,0.1071629034819848,0.872303741719784,0.0048906907265173,0.0156426640717138,1.47,224,9913,0.00905,740.2005294641574,29.95,0.0,0.0,1186.1,W1,1.0,53.78,,65.33,,,LOW,0,0,0,0.0,General Greening Opportunity
120,DWARKA-B,MATIALA,1058.67571104329,62971,2683,,,,,0.3211954403519172,42.86070997218396,0.2263912752846759,0.5110470044768544,0.1203809174050931,0.1421808028333749,0.3,113,8778,0.00083,706.8946086220928,22.35,0.0,0.0,423.8,W1,1.0,45.79,,70.26,,,LOW,0,0,0,0.0,Highly Feasible
122,MATIALA,MATIALA,216.77056221289303,54631,6093,,,,,0.2485578699851825,42.763387417197166,0.1707339940486578,0.7791642446367966,0.0175958366568631,0.0325059246576824,0.26,98,7616,0.00351,713.5115247558156,20.0,0.0114,0.0,570.1,W1,1.0,48.13,,70.84,,,LOW,0,0,0,0.0,Highly Feasible
123,KAKROLA,MATIALA,438.359700201236,65930,10503,,,,,0.2320945663499056,42.74677428142307,0.1085482427738912,0.8088594778196398,0.010522487186031,0.0720697922204389,0.31,118,9191,0.0021,702.821264727122,18.97,0.0,0.0,584.4,W1,1.0,52.12,,70.1,,,LOW,0,0,0,0.0,Highly Feasible
121,DWARKA-A,MATIALA,891.6565036723629,73208,6039,,,,,0.379896991571701,41.88420274428682,0.3037117702295899,0.5500082417823179,0.0846048130335277,0.0616751749545645,0.35,131,10205,0.00114,704.5522551346605,21.25,0.0414,0.0,630.7,W1,1.0,34.34,,68.58,,,LOW,0,0,0,0.0,General Greening Opportunity
125,CHHAWALA,MATIALA,9172.209933429776,81500,14750,,,,,0.2725798354420776,45.37546771732399,0.0966910675659727,0.1013170588323301,0.7477149226954657,0.054276950906231,0.39,146,11361,0.00012,674.1837380457038,10.33,0.0368,0.0,378.6,W1,1.0,60.23,,71.67,,,LOW,0,0,0,0.0,Highly Feasible
126,ISAPUR,NAJAFGARH,7460.763519007836,76423,12170,,,,,0.2117367673132674,47.90307061244576,0.0474559126864052,0.1127892333284099,0.8106645887366429,0.0290902652485435,0.0,0,0,0.0,671.4102399733649,10.98,0.0174,0.0,175.4,W1,1.0,71.69,,72.72,,,LOW,0,0,0,0.0,Highly Feasible
127,NAJAFGARH,NAJAFGARH,1696.1793499225714,68559,11316,,,,,0.2550173133005836,45.72182061992257,0.0700314033148252,0.3168081942677855,0.5596312283587844,0.0535291740586056,0.0,0,0,0.0,702.267377220649,12.27,0.0,0.0,442.1,W1,1.0,63.62,,73.89,,,LOW,0,0,0,0.0,Highly Feasible
129,ROSHAN PURA,NAJAFGARH,425.1083654462442,69828,10462,,,,,0.2230522526169406,43.47676936122741,0.0952648095731616,0.752304513763549,0.1071881362917618,0.0452425403715276,0.0,0,0,0.0,710.1857169262935,20.0,0.0,0.0,887.7,W1,1.0,55.37,,68.33,,,LOW,0,0,0,0.0,General Greening Opportunity
14,DHIRPUR,ADARSH NAGAR,664.6838929308177,59858,10544,,,,,0.3689883827933311,40.82467743609174,0.2863791633221156,0.395835419538418,0.1320148222847617,0.1857705948547044,2.86,1872,34197,0.00514,811.2073291930893,6.04,0.0,0.0,326.4,W1,1.0,42.4,,89.49,,,LOW,0,0,0,0.0,Highly Feasible
15,ADARSH NAGAR,ADARSH NAGAR,226.4429865363575,59139,7578,,,,,0.1711629869483525,43.42621212438499,0.0331741250045525,0.7523240427122302,0.0340482099468785,0.1804536223363389,2.83,1849,33787,0.01492,795.790899404315,6.24,0.0,0.0,1095.7,W1,1.0,68.52,,82.23,,,LOW,0,0,0,0.0,Highly Feasible
16,AZADPUR,ADARSH NAGAR,181.14482499061629,69220,15031,,,,,0.2041685248801588,43.98096747882399,0.0665977146138085,0.9156177487981804,0.0080309117624845,0.0097536248255249,3.31,2164,39546,0.02183,795.790899404315,7.28,0.0,0.0,1163.7,W1,1.0,62.11,,81.3,,,LOW,0,0,0,0.0,Highly Feasible
2,BANKNER,NARELA,1933.6446409475177,52874,12650,,,,,0.2451804223007334,44.6106738579587,0.0395314797798638,0.1887801610784196,0.6695398307967267,0.1021485283449892,0.0,0,0,0.0,717.5863528793607,15.86,0.0058,0.0,978.6,W1,1.0,65.28,,70.21,,,LOW,0,0,0,0.0,Highly Feasible
26,POOTH KALAN,BAWANA,450.8563086234827,70203,16038,,,,,0.2591857964827888,42.89991333960752,0.075175694488325,0.74705747530647,0.0945971092903722,0.0831697209148343,0.37,1181,25370,0.00563,752.184714680178,5.17,0.0,0.0,215.1,W1,1.0,56.34,,84.07,,,LOW,0,0,0,0.0,Highly Feasible
28,SHAHBAAD DAIRY,BAWANA,299.0565539730777,54537,18554,,,,,0.2649331238681885,43.46848718221167,0.0485025180293578,0.6232563137026268,0.1678520062305599,0.1603891620374556,0.28,918,19708,0.00659,758.0065580667778,6.82,0.0,0.0,122.7,W1,1.0,61.73,,84.68,,,LOW,0,0,0,0.0,Highly Feasible
29,POOTH KHURD,BAWANA,3090.6233638874373,57630,11704,,,,,0.3037181249442977,43.69527279965171,0.0742653112019251,0.2733628547829263,0.5043015620543108,0.148070271960838,0.3,970,20826,0.00067,716.9605699150896,6.7,0.0,0.0,393.2,W1,1.0,58.76,,78.24,,,LOW,0,0,0,0.0,Highly Feasible
3,HOLAMBI KALAN,NARELA,2511.499871449864,80238,18845,,,,,0.3128572429540283,43.60697957794595,0.1069932186540852,0.3538098715896189,0.41941330716249,0.1197836025938047,0.0,0,0,0.0,729.1454294428609,13.67,0.0206,0.0,330.5,W1,1.0,56.01,,76.88,,,LOW,0,0,0,0.0,Highly Feasible
30,BAWANA,BAWANA,1754.933481462606,64013,8619,,,,,0.2630114907724151,43.80956014298208,0.1010966438172203,0.4593377727309086,0.3752185176594979,0.0643470657923725,0.33,1077,23133,0.00132,694.6301230125009,9.11,0.0,0.0,1283.4,W1,1.0,55.41,,68.41,,,LOW,0,0,0,0.0,General Greening Opportunity
31,NANGAL THAKRAN,BAWANA,6097.260142889478,57612,12911,,,,,0.2330897826490937,44.930122780941815,0.0549064395413243,0.0818521800933381,0.8414353189164943,0.0218060614488424,0.3,970,20820,0.00034,686.7221924055077,5.95,0.0,0.0,929.6,W1,1.0,63.1,,71.38,,,LOW,0,0,0,0.0,Highly Feasible
4,ALIPUR,NARELA,3475.6815214797502,74449,15359,,,,,0.2912852491005288,43.696316856599,0.07991215713563,0.3426842814675616,0.5118622583030373,0.0655413030937712,0.0,0,0,0.0,744.227843636298,12.5,0.0055,0.0,1790.2,W1,1.0,58.36,,68.85,,,LOW,0,0,0,0.0,General Greening Opportunity
5,BAKHTAWARPUR,NARELA,5579.8249116995,55144,10926,,,,,0.2781525820619609,42.1856817574952,0.0581313690195364,0.1435817029560405,0.7170581300896968,0.0812287979347274,0.0,0,0,0.0,778.6591139109892,11.34,0.0002,0.0,507.1,W1,1.0,59.41,,82.33,,,LOW,0,0,0,0.0,Highly Feasible
6,BURARI,BURARI,1198.026196315688,71180,6441,,,,,0.29324825716614,40.79040792684825,0.0674420544939608,0.270575047610313,0.5648804113188012,0.0971024865769241,0.19,58,1450,0.00012,803.9089509822816,5.08,0.0,0.0,770.0,W1,1.0,55.42,,85.93,,,LOW,0,0,0,0.0,Highly Feasible
7,KADIPUR,BURARI,1309.4702267351938,70169,12232,,,,,0.2992685971976406,42.58908148197376,0.0810200723469155,0.380429057567953,0.4194570807702233,0.1190937893149079,0.19,57,1430,0.00011,768.0654793491987,7.99,0.0,0.0,1296.9,W1,1.0,57.18,,76.97,,,LOW,0,0,0,0.0,Highly Feasible
79,BALLIMARAN,BALLIMARAN,103.31213481545991,62034,3069,,,,,0.1414154514062738,43.87870692330949,0.0438000615618715,0.9499420304980842,0.003567790284266,0.0026901176557783,0.32,52,633,0.00061,839.2995333323696,7.02,0.0,0.0,531.0,W1,1.0,67.97,,90.75,,,LOW,0,0,0,0.0,Highly Feasible
8,MUKUNDPUR,BURARI,384.6288639661234,86243,18359,,,,,0.2852078566491906,40.81284826826017,0.1745370884317292,0.5010558423634236,0.1188182761496448,0.2055887930552025,0.24,70,1757,0.00046,789.1876933161982,4.79,0.0125,0.0,209.5,W1,1.0,50.55,,88.27,,,LOW,0,0,0,0.0,Highly Feasible
80,RAM NAGAR,BALLIMARAN,81.6459600612101,69121,30402,,,,,0.1618897422404006,43.23837920833552,0.0356720458845138,0.932041037558102,0.0006167533426821,0.0316701632147022,0.36,58,705,0.00086,839.2824771054264,8.87,0.0,239.3,1173.1,W2,1.35,66.43,,70.4,,,LOW,0,0,0,0.0,Highly Feasible
119,MANGLAPURI,DWARKA,160.53943339888397,68160,10348,,,,,0.2340006133488224,42.29511813905148,0.1209925589838877,0.8544158051042607,0.0095090102141414,0.0150826256977097,1.27,194,8576,0.00534,728.605684568595,36.72,0.0,0.0,150.5,W1,1.0,50.08,,68.52,,,LOW,0,0,0,0.0,General Greening Opportunity
124,NANGLI SAKRAWATI,MATIALA,1202.2177574838663,83159,10490,,,,,0.250128255218599,43.364265302599286,0.0952090798204038,0.525289103712335,0.26309177601601,0.1164100404512507,0.39,149,11593,0.00096,696.1378332468935,19.89,0.0,0.0,326.3,W1,1.0,55.93,,70.8,,,LOW,0,0,0,0.0,Highly Feasible
27,BEGUMPUR,BAWANA,704.3695504119765,78987,12816,,,,,0.2510756586432173,42.6666021869215,0.050684617919137,0.5963715778133006,0.1806663988536265,0.1722774054139351,0.41,1329,28544,0.00405,752.381806255361,6.05,0.0,0.0,71.0,W1,1.0,60.18,,84.74,,,LOW,0,0,0,0.0,Highly Feasible
10,JHARODA,BURARI,1154.738003628114,83406,8954,,,,,0.3288904537162467,39.93970704734068,0.1792822839807035,0.3276186514902212,0.3813379570079432,0.1117611075211332,0.23,68,1699,0.00015,840.5763216882256,3.89,0.1542,0.0,201.7,W1,1.0,47.75,,93.01,,,LOW,0,0,0,0.0,Highly Feasible
200,PANDAV NAGAR,LAXMI NAGAR,424.2153604838561,71022,6682,,,,,0.329499785502719,41.95413794836571,0.3650127207022043,0.406184199891857,0.1325406222033373,0.0962624572026017,1.18,309,8872,0.00209,820.3581085968481,6.32,0.1475,0.0,332.6,W1,1.0,41.79,,88.87,,,LOW,0,0,0,0.0,Highly Feasible
201,LALITA PARK,LAXMI NAGAR,537.4121532967616,55805,3044,,,,,0.3884671642469289,40.56460496246088,0.4537672367660841,0.2384388532538235,0.1731153306168873,0.1346785793632048,0.93,243,6971,0.0013,820.4253306195596,7.11,0.1326,0.0,498.1,W1,1.0,32.56,,87.52,,,LOW,0,0,0,0.0,Highly Feasible
202,SHAKARPUR,LAXMI NAGAR,118.9390996575309,66256,6640,,,,,0.1704067754871603,43.05218449877328,0.0984087906987323,0.8995621858598654,0.0,0.0020290234414017,1.1,288,8277,0.00696,820.4253306195596,8.38,0.0,0.0,1217.0,W1,1.0,60.81,,83.2,,,LOW,0,0,0,0.0,Highly Feasible
203,LAXMI NAGAR,LAXMI NAGAR,100.84782818726671,47859,2258,,,,,0.1222719992956587,43.63526624508929,0.0139232604675312,0.9811385111418364,0.0015868293166716,0.0033513990739606,0.79,208,5978,0.00593,820.4253306195596,9.13,0.002,0.0,1012.7,W1,1.0,68.5,,84.31,,,LOW,0,0,0,0.0,Highly Feasible
104,JANAK PURI SOUTH,JANAKPURI,326.3747772510244,80061,5578,,,,,0.2895446318286848,41.82704363039885,0.1811277492674328,0.8070076502292286,0.0025612585030835,0.0093033420002544,0.36,127,394,0.00012,737.2672149353535,25.09,0.0049,0.0,2275.6,W1,1.0,43.79,,59.29,,,LOW,0,0,0,0.0,General Greening Opportunity
105,MAHAVEER ENCLAVE,JANAKPURI,132.48200307458495,70924,5917,,,,,0.0857751622140503,43.0734849756838,0.0003992357571242,0.986293495821008,0.0,0.0133072684218679,0.32,113,349,0.00026,734.7484821915878,22.81,0.0,0.0,1350.6,W1,1.0,64.77,,66.59,,,LOW,0,0,0,0.0,General Greening Opportunity
102,KHYALA,TILAK NAGAR,246.3451038627829,72421,10904,,,,,0.2738901189087962,41.71973699911776,0.2745763166876954,0.6532214249463401,0.0221694682114472,0.0500327901545163,2.56,1041,888101,0.36051,741.6747832961613,12.7,0.0,0.0,483.7,W1,1.0,41.5,,77.8,,,LOW,0,0,0,0.0,Highly Feasible
101,TILAK NAGAR,TILAK NAGAR,139.887881123498,52859,1754,,,,,0.1926360620672234,42.57358447246419,0.0394587104506581,0.9588779857242192,0.000785845920409,0.0008774579047134,1.87,760,648211,0.46338,737.8140751442158,16.15,0.0,0.0,1837.1,W1,1.0,56.52,,66.3,,,LOW,0,0,0,0.0,General Greening Opportunity
106,JANAK PURI WEST,JANAKPURI,280.19190157591623,69625,5701,,,,,0.232206000174522,42.29731602426426,0.1459799741058282,0.84336288645393,0.0037268719978268,0.0069302674424144,0.32,110,343,0.00012,734.7484821915878,17.44,0.0,0.0,1353.2,W1,1.0,49.13,,68.85,,,LOW,0,0,0,0.0,General Greening Opportunity
103,KESHOPUR,TILAK NAGAR,236.2233053055706,72766,4690,,,,,0.2456806362018186,42.0456134275902,0.1198703167732142,0.8650987616769364,0.0074898090381777,0.0075411125116719,2.57,1046,892331,0.37775,734.7484821915878,14.34,0.0,0.0,654.4,W1,1.0,49.03,,75.12,,,LOW,0,0,0,0.0,Highly Feasible
128,DICHAON KALAN,NAJAFGARH,1607.5190703855449,71665,10004,,,,,0.2599207290347841,45.50932284466427,0.0477565670334479,0.331810443875489,0.5658270579831294,0.0546059311079327,0.0,0,0,0.0,711.8391063469616,13.39,0.0,0.0,40.8,W1,1.0,64.42,,77.33,,,LOW,0,0,0,0.0,Highly Feasible
9,SANT NAGAR,BURARI,327.1894011039733,54096,7685,,,,,0.1556592684983869,41.49483817263278,0.0333467762443849,0.7663567679819131,0.0753699879373664,0.1249264678363358,0.15,44,1102,0.00034,783.3276243155997,4.53,0.0,0.0,51.4,W1,1.0,61.98,,88.97,,,LOW,0,0,0,0.0,Highly Feasible
81,QURAISH NAGAR,BALLIMARAN,74.13151855564013,60053,13059,,,,,0.1491234332902032,43.29816583170153,0.024308853324177,0.9738966355278555,0.0,0.0017945111479673,0.31,51,612,0.00083,839.3649981933036,8.73,0.0,0.0,1172.7,W1,1.0,66.87,,85.48,,,LOW,0,0,0,0.0,Highly Feasible
145,ANDREWS GANJ,KASTURBA NAGAR,510.1483710840027,66237,9643,,,,,0.3364052781357051,41.558375412328765,0.2832372988275839,0.6847922885189409,0.0074152998738345,0.0245551127796411,3.08,693,9145,0.00179,828.5048319399357,13.21,0.0,0.0,645.1,W1,1.0,41.8,,86.11,,,LOW,0,0,0,0.0,Highly Feasible
150,GREEN PARK,MALVIYA NAGAR,396.3814062256018,49705,4068,,,,,0.4367031445441793,38.95314055554816,0.4947459446623896,0.489992529966707,0.0005045982754611,0.0147569270954432,1.26,404,9778,0.00247,798.7458082065356,23.66,0.2065,0.0,264.2,W1,1.0,18.52,,79.0,,,LOW,0,0,0,0.0,Highly Feasible
155,MEHRAULI,MEHRAULI,566.8568648729356,74939,8317,,,,,0.4508210131555106,39.323199866932704,0.6159623702093115,0.3580550103666576,0.0079357834329887,0.0180468359910427,3.37,3241,108243,0.0191,763.063698336482,24.15,0.664,0.0,74.1,W1,1.0,11.54,,71.59,,,LOW,0,0,0,0.0,Highly Feasible
156,VASANT KUNJ,MEHRAULI,2261.153939548214,57080,5467,,,,,0.4269123034296612,41.248071576784376,0.4675729795524585,0.2487906707518637,0.1344920567360926,0.1491442929595853,2.57,2469,82448,0.00365,738.9863179106814,41.83,0.1195,0.0,693.7,W1,1.0,27.65,,62.45,,,LOW,0,0,0,0.0,General Greening Opportunity
164,DAKSHIN PURI,DEOLI,180.07305037693664,72967,25724,,,,,0.4948166447799405,39.528086052243545,0.6246038092516099,0.3684364381251793,0.0012737611288498,0.0056859914943596,1.52,2457,41524,0.02306,797.0250193839402,44.32,0.5178,347.8,1767.6,W2,1.35,11.18,,41.26,,,LOW,0,0,0,0.0,General Greening Opportunity
162,TIGRI,DEOLI,102.13485159209743,70576,24661,,,,,0.213862134995781,42.35526135998348,0.1096356966909942,0.8821268693709157,0.002041913564712,0.0061955203733784,1.47,2377,40163,0.03932,796.7193765110131,44.21,0.0359,704.4,1895.1,W2,1.35,55.2,,45.19,,,LOW,0,0,0,0.0,General Greening Opportunity
163,SANGAM VIHAR-A,DEOLI,141.94856013775106,75114,11363,,,,,0.1727777241861569,42.96086187777546,0.082557046996553,0.8053618388972992,0.0588986739475828,0.053182440158566,1.56,2530,42746,0.03011,780.4749446362257,49.32,1.0,0.0,177.4,W1,1.0,60.71,,58.75,,,LOW,0,0,0,0.0,General Greening Opportunity
161,DEOLI,DEOLI,506.8951907122213,69916,12113,,,,,0.4022798708643994,41.14769390314222,0.3281474197906316,0.3653753073677456,0.0771359421737225,0.2293413306678988,1.45,2355,39788,0.00785,782.0219324934995,53.01,0.8158,0.0,151.2,W1,1.0,39.1,,59.39,,,LOW,0,0,0,0.0,General Greening Opportunity
170,TUGHLAKABAD EXTENSION,SANGAM VIHAR,345.1692464941452,72486,5834,,,,,0.3586699853755604,41.12076991492013,0.3948580135175137,0.5287607570496837,0.0234409956303133,0.0529402338024886,0.67,228,13302,0.00385,779.4278455728804,40.05,0.6274,0.0,619.0,W1,1.0,32.68,,63.16,,,LOW,0,0,0,0.0,General Greening Opportunity
169,SANGAM VIHAR-B,SANGAM VIHAR,454.881157956566,72010,8365,,,,,0.4236382785518784,41.07006946612725,0.3611199388695083,0.2305655905799088,0.0967092825566605,0.3116051879939233,0.66,227,13215,0.00291,802.1977689379485,47.86,0.998,39.8,1145.0,W1,1.0,39.93,,54.95,,,LOW,0,0,0,0.0,General Greening Opportunity
168,SANGAM VIHAR-C,SANGAM VIHAR,218.3683398637924,73215,8611,,,,,0.2810610015867468,42.219061497502594,0.1526894095872394,0.5585320227080443,0.0412446490517569,0.2475339186529588,0.67,230,13436,0.00615,788.3332323158826,45.44,0.8093,0.0,865.8,W1,1.0,56.22,,58.3,,,LOW,0,0,0,0.0,General Greening Opportunity
173,GREATER KAILASH,GREATER KAILASH,479.732183235732,47763,1582,,,,,0.3743297094483928,40.40133327882901,0.3816816553673297,0.6055704018411276,0.0069380331565743,0.0058099096349703,1.54,427,8460,0.00176,814.8390546946532,23.73,0.1158,0.0,931.9,W1,1.0,31.16,,76.93,,,LOW,0,0,0,0.0,Highly Feasible
171,CHITARANJAN PARK,GREATER KAILASH,359.18877370839664,62940,3184,,,,,0.3460568533586317,40.124374235379456,0.3085244890157923,0.686480276401887,0.0007813774765644,0.0042138571057581,2.04,562,11148,0.0031,788.6858350709488,35.82,0.0793,0.0,1938.9,W1,1.0,33.48,,62.11,,,LOW,0,0,0,0.0,General Greening Opportunity
172,CHIRAG DELHI,GREATER KAILASH,419.85897879539647,74850,10313,,,,,0.444774795956632,39.31183944861171,0.5437595501354656,0.4317280850383775,0.0078405736015797,0.0166717912245761,2.42,669,13258,0.00316,805.918616090474,34.56,0.0623,0.0,1084.0,W1,1.0,17.4,,70.8,,,LOW,0,0,0,0.0,Highly Feasible
175,KALKAJI,KALKAJI,316.6761236832272,45038,3016,,,,,0.355927981383335,41.25092415899828,0.3304591674192225,0.6209874539831105,0.0194799240370312,0.0290734545606359,4.03,2508,57827,0.01826,787.47643765022,22.65,0.1329,48.9,918.3,W1,1.0,35.84,,74.27,,,LOW,0,0,0,0.0,Highly Feasible
176,GOVIND PURI,KALKAJI,84.82827024961523,74610,10566,,,,,0.159968603174089,41.80912946880078,0.0600167551679708,0.937063228544064,0.0010512058636675,0.0018688104242978,6.67,4154,95796,0.11293,776.9614596366882,26.69,0.0,73.8,592.0,W1,1.0,57.23,,75.03,,,LOW,0,0,0,0.0,Highly Feasible
195,KALYANPURI,KONDLI,256.3407737007983,87375,34937,,,,,0.2175599676555308,43.32823183218355,0.1284827060385565,0.7273114495139974,0.0024070436641949,0.1417988007832515,3.01,1507,35952,0.01403,838.072704116587,16.57,0.0,0.0,214.4,W1,1.0,62.89,,88.8,,,LOW,0,0,0,0.0,Highly Feasible
194,GHAROLI,KONDLI,280.54970026115706,78926,21747,,,,,0.2605375099126219,41.87839941737619,0.1197372191131745,0.7770158546726617,0.0262702501594649,0.0769766760546977,2.72,1361,32476,0.01158,838.072704116587,14.9,0.0,0.0,150.8,W1,1.0,55.69,,89.96,,,LOW,0,0,0,0.0,Highly Feasible
193,KONDLI,KONDLI,314.95308604672084,66098,5743,,,,,0.3107878235446492,40.95943414404624,0.2152983325495625,0.7044244792659617,0.0207467478498639,0.0595304403346115,2.28,1140,27197,0.00864,836.7809696709086,11.48,0.0,0.0,693.0,W1,1.0,45.94,,87.43,,,LOW,0,0,0,0.0,Highly Feasible
204,PREET VIHAR,VISHWAS NAGAR,330.6681164567992,52293,2150,,,,,0.2753935062099223,42.36801912446828,0.2030401439406949,0.785507869025558,0.005995549827187,0.0054564372065606,2.35,1263,32772,0.00991,822.652615507758,11.71,0.0,0.0,1168.3,W1,1.0,49.6,,82.38,,,LOW,0,0,0,0.0,Highly Feasible
205,I.P. EXTENSION,VISHWAS NAGAR,295.3283949278918,60343,4041,,,,,0.2303216002067243,43.14791577405146,0.0983614327101025,0.8122455728736749,0.0098239369912367,0.0795690574249859,2.72,1458,37817,0.01281,837.3003389635342,18.37,0.0,0.0,270.0,W1,1.0,61.45,,87.56,,,LOW,0,0,0,0.0,Highly Feasible
206,ANAND VIHAR,VISHWAS NAGAR,515.0728292420633,56495,7107,,,,,0.2643841670095762,43.28761968852726,0.1682148335648897,0.8011442056981904,0.0078233066250499,0.0228176541118702,2.54,1365,35406,0.00687,846.6810124514215,14.39,0.0185,0.0,930.8,W1,1.0,56.03,,85.42,,,LOW,0,0,0,0.0,Highly Feasible
207,VISHWAS NAGAR,VISHWAS NAGAR,207.41986914841644,53057,15149,,,,,0.1864182109516721,44.44135838253736,0.0683311605864341,0.8296654472871478,0.0320403131019467,0.0699630790244712,2.39,1282,33251,0.01603,822.5520848038001,13.52,0.0,0.0,1251.5,W1,1.0,67.41,,81.01,,,LOW,0,0,0,0.0,Highly Feasible
146,AMAR COLONY,KASTURBA NAGAR,281.0277350482175,56045,2235,,,,,0.2947345550667433,41.41426308538145,0.2019972542544539,0.7896031860312704,0.0014871515521293,0.0069124081621431,2.61,587,7738,0.00275,825.677904103436,12.41,0.0,0.0,888.2,W1,1.0,46.34,,84.41,,,LOW,0,0,0,0.0,Highly Feasible
174,SRI NIWAS PURI,KALKAJI,457.5688390638145,70489,8174,,,,,0.3685931410701165,40.70613978620872,0.3615181211075253,0.6247274598291319,0.0068595439976846,0.0068948750656561,6.3,3925,90505,0.01978,809.3285198412193,12.2,0.0188,0.0,103.8,W1,1.0,32.89,,88.06,,,LOW,0,0,0,0.0,Highly Feasible
148,HAUZ KHAS,MALVIYA NAGAR,547.2789953482672,45509,4368,,,,,0.4492633017268315,39.13192153344892,0.5480248172125872,0.4364862783630674,0.0028091151530481,0.0126797892712975,1.15,370,8953,0.00164,786.7697833875708,18.98,0.1368,0.0,937.5,W1,1.0,15.31,,75.57,,,LOW,0,0,0,0.0,Highly Feasible
154,LADO SARAI,MEHRAULI,905.846015382765,68172,16349,,,,,0.4971861955177076,39.24277916207635,0.6636348175134574,0.2673631259773372,0.0120941458940831,0.0569079106151227,3.06,2948,98469,0.01087,773.8303744221664,25.29,0.2211,0.0,485.1,W1,1.0,8.72,,73.82,,,LOW,0,0,0,0.0,Highly Feasible
149,MALVIYA NAGAR,MALVIYA NAGAR,276.55549918005045,62475,5106,,,,,0.3468286774640372,40.2764705632188,0.3355494401201159,0.6490265817646438,0.0044958166298295,0.0109281614854109,1.58,508,12291,0.00444,797.4876428117835,30.75,0.0,0.0,1608.0,W1,1.0,33.34,,68.38,,,LOW,0,0,0,0.0,General Greening Opportunity
147,KOTLA MUBARAKPUR,KASTURBA NAGAR,185.27102211634568,49669,11030,,,,,0.2485303146930899,42.03197941101153,0.1717397078014923,0.8154379421568635,0.0007579149568466,0.0120644350847962,2.31,520,6858,0.0037,828.5048319399357,13.37,0.0,0.0,883.8,W1,1.0,51.83,,84.35,,,LOW,0,0,0,0.0,Highly Feasible
17,BHALSWA,BADLI,89.04331229352418,63537,13939,,,,,0.1902441475109046,43.01736140909728,0.0311952002048823,0.9447600280290388,0.002721093274809,0.0213236784912693,2.85,2273,70954,0.07968,795.790899404315,3.91,0.0,0.0,360.7,W1,1.0,62.02,,88.43,,,LOW,0,0,0,0.0,Highly Feasible
18,JAHANGIR PURI,BADLI,272.85765535466555,80335,15048,,,,,0.1806961094008402,43.64996606390677,0.0433014776274113,0.6554220130683551,0.0536668397876733,0.2476096695165599,3.6,2874,89714,0.03288,793.4995788094787,3.96,0.0,0.0,351.8,W1,1.0,70.09,,88.22,,,LOW,0,0,0,0.0,Highly Feasible
19,SARUP NAGAR,BADLI,491.4666682626664,78653,10629,,,,,0.1567474925418641,44.08949098755915,0.0181412418487049,0.8521624730547219,0.0451625957324097,0.0845336893641632,3.52,2814,87835,0.01787,762.8057346528695,7.12,0.0,0.0,1225.4,W1,1.0,67.25,,77.26,,,LOW,0,0,0,0.0,Highly Feasible
20,SAMAYPUR BADLI,BADLI,473.7451910073214,67788,15621,,,,,0.186304382441334,44.68749300639261,0.0709827632404785,0.8380421995385892,0.0546833249389596,0.0362917122819742,3.04,2425,75702,0.01598,767.7225427241423,8.29,0.0,0.0,1600.9,W1,1.0,64.11,,74.65,,,LOW,0,0,0,0.0,Highly Feasible
21,ROHINI-A,RITHALA,212.15572678009784,66482,4014,,,,,0.2773737489514464,41.56432838996269,0.1633625072790009,0.7209370230740401,0.0605013722153256,0.0551990974316338,0.0,0,0,0.0,779.6457306406355,7.8,0.0209,0.0,490.5,W1,1.0,48.42,,83.85,,,LOW,0,0,0,0.0,Highly Feasible
24,VIJAY VIHAR,RITHALA,163.09513009292834,68107,12902,,,,,0.2266233109961538,41.87021686228454,0.161072558534485,0.785486374136165,0.0255678342780246,0.0278732330513251,0.0,0,0,0.0,757.3816078457809,5.75,0.0,0.0,337.1,W1,1.0,49.51,,83.54,,,LOW,0,0,0,0.0,Highly Feasible
25,BUDH VIHAR,RITHALA,109.1831627443958,51524,3755,,,,,0.1031006345423015,43.35418796489424,0.0055520407676874,0.9800700694628008,9.208262736652356e-05,0.0142858071421452,0.0,0,0,0.0,752.3614940238434,5.57,0.0,0.0,443.1,W1,1.0,65.51,,82.31,,,LOW,0,0,0,0.0,Highly Feasible
23,RITHALA,RITHALA,404.6689810293716,71698,9069,,,,,0.261748840523443,42.968929384367,0.155975589207942,0.6387437852955999,0.1107787802058122,0.0945018452906459,0.0,0,0,0.0,769.3985302387699,6.44,0.0,0.0,383.9,W1,1.0,54.13,,84.25,,,LOW,0,0,0,0.0,Highly Feasible
32,KANJHAWALA,MUNDKA,3518.6324126247423,40467,7769,,,,,0.2269067038318923,46.13181940471803,0.057138358336557,0.1251267286148756,0.7675378500106259,0.0501970630379408,0.0,0,0,0.0,713.5394917611709,6.31,0.0,0.0,182.3,W1,1.0,68.4,,79.52,,,LOW,0,0,0,0.0,Highly Feasible
34,NANGLOI,MUNDKA,1300.9755537752387,71856,27068,,,,,0.24201362464089,45.43009658742076,0.0643777890932225,0.4772045075491936,0.3745154631084315,0.0839022402491515,0.0,0,0,0.0,717.9143763811638,4.81,0.0,0.0,0.0,W1,1.0,64.3,,81.94,,,LOW,0,0,0,0.0,Highly Feasible
35,MUNDKA,MUNDKA,2176.9840022816325,50839,7539,,,,,0.2728779184544291,44.29286611672477,0.0871394997313895,0.4090648432512956,0.427959581461841,0.0758360755554732,0.0,0,0,0.0,716.3135008221591,6.02,0.0,0.0,377.6,W1,1.0,58.74,,78.56,,,LOW,0,0,0,0.0,Highly Feasible
42,MANGOL PURI,SULTANPUR MAJRA,79.95869170612214,68404,26576,,,,,0.2385557847244319,41.96001181372079,0.0907685148972178,0.854591182807985,0.0019921223280293,0.0526481799667687,4.76,1071,33558,0.04197,746.8523654533074,5.24,0.0,0.0,88.9,W1,1.0,52.34,,84.35,,,LOW,0,0,0,0.0,Highly Feasible
43,SULTANPURI-A,SULTANPUR MAJRA,131.4370005693356,74003,37206,,,,,0.2299837755045081,42.23777112543706,0.1104157241537144,0.8396249452187385,0.0033841990492981,0.0465751315782489,5.15,1159,36305,0.02762,746.7959425879801,4.24,0.0,0.0,161.6,W1,1.0,52.44,,84.25,,,LOW,0,0,0,0.0,Highly Feasible
44,SULTANPURI-B,SULTANPUR MAJRA,88.4423797513792,72975,31777,,,,,0.1960750462385544,42.72257530524599,0.0257267472360366,0.962759324567407,0.0,0.011513928196556,5.08,1142,35801,0.04048,746.7959425879801,4.38,0.0,8.1,590.0,W1,1.0,58.17,,81.15,,,LOW,0,0,0,0.0,Highly Feasible
45,JAWALAPURI,NANGLOI JAT,154.6176955483143,80685,33731,,,,,0.2646617980237412,42.52381994524611,0.1813619307575854,0.7228394897232762,0.0132023252538249,0.0825962542653128,2.47,1336,16655,0.01077,746.7959425879801,6.26,0.0,0.0,611.6,W1,1.0,49.46,,80.2,,,LOW,0,0,0,0.0,Highly Feasible
46,NANGLOI JAT,NANGLOI JAT,204.43597023561975,64870,6874,,,,,0.1161336403673887,44.128680516881786,0.0071707618855593,0.9730347980421916,0.0008292717826837,0.0189651682895652,1.99,1074,13391,0.00655,746.7959425879801,6.84,0.0,0.0,99.4,W1,1.0,66.76,,83.59,,,LOW,0,0,0,0.0,Highly Feasible
47,NIHAL VIHAR,NANGLOI JAT,139.27918365259646,52919,7460,,,,,0.090597569264356,43.28137158882458,0.0010819816568928,0.9884358795177112,0.0,0.0104821388253957,1.62,876,10924,0.00784,746.7959425879801,8.29,0.0,0.0,1117.3,W1,1.0,65.67,,75.75,,,LOW,0,0,0,0.0,Highly Feasible
48,GURU HARKISHAN NAGAR,NANGLOI JAT,393.7788323420489,62946,5334,,,,,0.2633601197911537,42.47663112017288,0.1514658975886638,0.7888603609624667,0.028287070555188,0.0313866708936804,1.93,1042,12993,0.0033,746.7959425879801,7.78,0.0125,0.0,665.7,W1,1.0,49.42,,79.04,,,LOW,0,0,0,0.0,Highly Feasible
61,KOHAT ENCLAVE,TRI NAGAR,267.4338507995601,66252,6349,,,,,0.2440811572882228,41.31010390169307,0.1754056110875322,0.8125707971725031,0.0058218326040187,0.0062017591359452,3.84,697,19755,0.00739,752.3074021330485,6.7,0.0,0.0,201.7,W1,1.0,45.52,,83.53,,,LOW,0,0,0,0.0,Highly Feasible
62,SHAKUR PUR,TRI NAGAR,252.0642041407356,71833,25266,,,,,0.2387499554245744,42.67468432660733,0.1279624246973766,0.8424794518820578,0.0143323482649319,0.0152257751556335,4.16,756,21419,0.0085,772.1327866863699,11.04,0.0,0.0,1570.0,W1,1.0,53.04,,74.19,,,LOW,0,0,0,0.0,Highly Feasible
63,TRI NAGAR,TRI NAGAR,142.89825276370155,69013,1914,,,,,0.1525014046227155,42.07273064583644,0.0748646407253345,0.914307433825488,0.0036784408527668,0.0071494845964098,4.0,726,20578,0.0144,805.6770027449429,13.97,0.0,0.0,518.3,W1,1.0,59.38,,84.14,,,LOW,0,0,0,0.0,Highly Feasible
70,SHASTRI NAGAR,SADAR BAZAR,207.89291830549388,78483,7232,,,,,0.25531341053704,41.28187972690714,0.2779528678971387,0.7069578380233276,0.00498931586546,0.0100999782140732,6.46,1622,31848,0.01532,805.6770027449429,13.5,0.0,0.0,487.3,W1,1.0,43.36,,84.56,,,LOW,0,0,0,0.0,Highly Feasible
71,KISHAN GANJ,SADAR BAZAR,294.4919299637914,74022,21251,,,,,0.2329286704703511,43.35630535632789,0.101665865778219,0.8818619200648332,0.0027585910311,0.0137136231258475,6.1,1530,30038,0.0102,807.4069268355346,13.96,0.0,0.0,438.5,W1,1.0,58.21,,84.91,,,LOW,0,0,0,0.0,Highly Feasible
72,SADAR BAZAR,SADAR BAZAR,128.3777208415158,66050,11501,,,,,0.1667176031995173,43.41127940367378,0.0656052758356748,0.9281737792874414,0.0,0.0062209448768833,5.44,1365,26803,0.02088,832.9831108568127,7.96,0.0,33.5,1160.5,W1,1.0,64.26,,85.18,,,LOW,0,0,0,0.0,Highly Feasible
78,BAZAR SITA RAM,MATIA MAHAL,44.368562615362336,57774,3449,,,,,0.0847871925421927,43.90921434672067,0.0002286584004273,0.9950418641376094,0.0,0.0047294774619632,2.7,831,22204,0.05004,839.2301509536939,6.91,0.0,93.8,538.8,W1,1.0,72.68,,90.73,,,LOW,0,0,0,0.0,Highly Feasible
95,VISHNU GARDEN,RAJOURI GARDEN,137.87615759196655,73302,6517,,,,,0.1593450906872143,42.77969305143167,0.061652411008124,0.8895147663033472,0.0111973731129043,0.0376354495756234,2.13,1182,26396,0.01914,750.4040102801321,13.37,0.0,0.0,429.0,W1,1.0,59.4,,78.88,,,LOW,0,0,0,0.0,Highly Feasible
96,RAJOURI GARDEN,RAJOURI GARDEN,252.40492496781084,65596,6507,,,,,0.2301831503599319,41.9298431092061,0.1085077514412843,0.8856711922564028,0.0032083767291333,0.0026126795731794,1.91,1058,23621,0.00936,741.9138249850643,20.35,0.0129,0.0,1499.3,W1,1.0,50.19,,67.25,,,LOW,0,0,0,0.0,General Greening Opportunity
97,CHAUKHANDI NAGAR,RAJOURI GARDEN,141.87495574374535,67284,11289,,,,,0.1972422401891799,42.50605979274464,0.1001843964696324,0.868558762971367,0.0114754717693949,0.0197813687896057,1.96,1085,24229,0.01708,739.0944970209035,15.66,0.0,0.0,1241.3,W1,1.0,54.03,,70.88,,,LOW,0,0,0,0.0,Highly Feasible
33,RANI KHERA,MUNDKA,1944.1571049430383,69553,10652,,,,,0.2329981040613427,43.7048051101173,0.0396862378539889,0.3715170779564093,0.5003468696524425,0.088449814537158,0.0,0,0,0.0,717.3656726838975,3.08,0.0,0.0,172.8,W1,1.0,61.97,,81.38,,,LOW,0,0,0,0.0,Highly Feasible
36,NILOTHI,MUNDKA,638.5458074995892,79992,7108,,,,,0.2729900802466978,42.28650333862316,0.2469964456265174,0.6994895650738475,0.0317704472350017,0.021743542064634,0.0,0,0,0.0,744.4293836801064,9.77,0.0,0.0,1381.7,W1,1.0,43.75,,72.98,,,LOW,0,0,0,0.0,Highly Feasible
73,CIVIL LINES,CHANDNI CHOWK,624.3753818394658,55142,15510,,,,,0.3702082775306238,40.04098312224892,0.4058811456153991,0.5029501899479618,0.0122116911319456,0.0789569733046943,5.41,1178,2138359,0.34248,839.5272285798301,6.08,0.1497,0.0,652.6,W1,1.0,32.71,,88.81,,,LOW,0,0,0,0.0,Highly Feasible
75,JAMA MASJID,CHANDNI CHOWK,60.89221647996296,46051,2258,,,,,0.1691178729799002,43.45353226942143,0.059771596209261,0.9002124043360583,0.0154142656231009,0.02460173383158,4.52,984,1785818,2.93275,839.2124110716259,6.77,0.0,0.0,360.5,W1,1.0,65.48,,92.05,,,LOW,0,0,0,0.0,Highly Feasible
76,CHANDANI MAHAL,MATIA MAHAL,61.63881233126455,58169,1784,,,,,0.1722358767642795,43.23234057134157,0.0636698825030018,0.9149905984650712,0.0069538392876387,0.0143856797442884,2.72,837,22356,0.03627,838.9677455144532,8.93,0.0,374.4,980.9,W2,1.35,64.21,,71.71,,,LOW,0,0,0,0.0,Highly Feasible
77,DELHI GATE,MATIA MAHAL,240.8442851432826,55397,16210,,,,,0.314007946970815,42.151970457915056,0.2378875627872083,0.7378900831374109,0.0017822941008032,0.0224400599745786,2.59,797,21291,0.00884,838.9717114313803,9.74,0.0,0.0,1480.6,W1,1.0,47.0,,82.82,,,LOW,0,0,0,0.0,Highly Feasible
74,CHANDNI CHOWK,CHANDNI CHOWK,533.636153056723,51672,10139,,,,,0.3106282709895702,42.35588785703096,0.2589202507591639,0.5630262587315613,0.0911655665055891,0.0868879240036853,5.07,1104,2003795,0.3755,836.2211140931355,5.82,0.0893,0.0,600.0,W1,1.0,48.93,,89.53,,,LOW,0,0,0,0.0,Highly Feasible
22,ROHINI-B,RITHALA,348.1401598334408,60621,2939,,,,,0.3571533015058947,41.13779640804134,0.3611788965182749,0.5599394645182494,0.0441722940913364,0.0347093448721398,0.0,0,0,0.0,779.6457306406355,6.61,0.1111,0.0,47.8,W1,1.0,33.95,,86.6,,,LOW,0,0,0,0.0,Highly Feasible
